State,Zip,Year,Month,Electricity Price,Gas Price,DFW_ZIPs,,,,,,,,,,,,Jan,Feb,Mar,Apr,May,Jun,Jul,Aug,Sep,Oct,Nov,Dec
TX,,2017,Jan,0.112,2.165,75001,,,,,,,,,,,,,,,,,,,,,,,
,,2017,Feb,0.112,2.066,75002,,,,,,,,,,,,,,,,,,,,,,,
,,2017,Mar,0.112,2.136,75006,,,,,,,,,,,,,,,,,,,,,,,
,,2017,Apr,0.112,2.290,75007,,,,,,,,,,,,,,,,,,,,,,,
,,2017,May,0.128,2.207,75009,,,,,,,,,,,,,,,,,,,,,,,
,,2017,Jun,0.128,2.214,75010,,,,,,,,,,,,,,,,,,,,,,,
,,2017,Jul,0.128,2.133,75011,,,,,,,,,,,,,,,,,,,,,,,
,,2017,Aug,0.128,2.247,75013,,,,,,,,,,,,,,,,,,,,,,,
,,2017,Sep,0.128,2.537,75015,,,,,,,,,,,,,,,,,,,,,,,
,,2017,Oct,0.128,2.256,75016,,,,,,,,,,,,,,,,,,,,,,,
,,2017,Nov,0.127,2.310,75019,,,,,,,,,,,,,,,,,,,,,,,
,,2017,Dec,0.126,2.210,75020,,,,,,,,,,,,,,,,,,,,,,,
,,2018,Jan,0.126,2.273,75021,,,,,,,,,,,,,,,,,,,,,,,
,,2018,Feb,0.126,2.235,75022,,,,,,,,,,,,,,,,,,,,,,,
,,2018,Mar,0.124,2.332,75023,,,,,,,,,,,,,,,,,,,,,,,
,,2018,Apr,0.132,2.509,75024,,,,,,,,,,,,,,,,,,,,,,,
,,2018,May,0.133,2.721,75025,,,,,,,,,,,,,,,,,,,,,,,
,,2018,Jun,0.142,2.762,75026,,,,,,,,,,,,,,,,,,,,,,,
,,2018,Jul,0.142,2.623,75028,,,,,,,,,,,,,,,,,,,,,,,
,,2018,Aug,0.142,2.601,75030,,,,,,,,,,,,,,,,,,,,,,,
,,2018,Sep,0.136,2.636,75032,,,,,,,,,,,,,,,,,,,,,,,
,,2018,Oct,0.136,2.621,75034,,,,,,,,,,,,,,,,,,,,,,,
,,2018,Nov,0.136,2.267,75035,,,,,,,,,,,,,,,,,,,,,,,
,,2018,Dec,0.136,1.961,75038,,,,,,,,,,,,,,,,,,,,,,,
,,2019,Jan,0.141,1.892,75039,,,,,,,,,,,,,,,,,,,,,,,
,,2019,Feb,0.141,2.031,75040,,,,,,,,,,,,,,,,,,,,,,,
,,2019,Mar,0.142,2.332,75041,,,,,,,,,,,,0.112,0.112,0.112,0.112,0.128,0.128,0.128,0.128,0.128,0.128,0.127,0.126
,,2019,Apr,0.142,2.602,75042,,,,,,,,,,,,0.126,0.126,0.124,0.132,0.133,0.142,0.142,0.142,0.136,0.136,0.136,0.136
,,2019,May,0.142,2.604,75043,,,,,,,,,,,,,,,,,,,,,,,3.015
,,2019,Jun,0.142,2.399,75044,,,,,,,,,,,,2.165,2.066,2.136,2.290,2.207,2.214,2.133,2.247,2.537,2.256,2.310,2.210
,,2019,Jul,0.142,2.549,75046,,,,,,,,,,,,2.273,2.235,2.332,2.509,2.721,2.762,2.623,2.601,2.636,2.621,2.267,1.961
,,2019,Aug,0.142,2.335,75048,,,,,,,,,,,,,,,,,,,,,,,
,,2019,Sep,0.143,2.348,75050,,,,,,,,,,,,,,,,,,,,,,,
,,2019,Oct,0.143,2.249,75051,,,,,,,,,,,,,,,,,,,,,,,
,,2019,Nov,0.142,2.286,75052,,,,,,,,,,,,,,,,,,,,,,,
,,2019,Dec,0.142,2.214,75053,,,,,,,,,,,,,,,,,,,,,,,
,,2020,Jan,0.141,2.235,75056,,,,,,,,,,,,,,,,,,,,,,,
,,2020,Feb,0.137,2.054,75057,,,,,,,,,,,,,,,,,,,,,,,
,,2020,Mar,0.134,1.919,75058,,,,,,,,,,,,,,,,,,,,,,,
,,2020,Apr,0.134,1.417,75060,,,,,,,,,,,,,,,,,,,,,,,
,,2020,May,0.136,1.406,75061,,,,,,,,,,,,,,,,,,,,,,,
,,2020,Jun,0.136,1.722,75062,,,,,,,,,,,,,,,,,,,,,,,
,,2020,Jul,0.135,1.903,75063,,,,,,,,,,,,,,,,,,,,,,,
,,2020,Aug,0.133,1.869,75065,,,,,,,,,,,,,,,,,,,,,,,
,,2020,Sep,0.132,1.893,75067,,,,,,,,,,,,,,,,,,,,,,,
,,2020,Oct,0.132,1.833,75068,,,,,,,,,,,,,,,,,,,,,,,
,,2020,Nov,0.13,1.766,75069,,,,,,,,,,,,,,,,,,,,,,,
,,2020,Dec,0.13,1.885,75070,,,,,,,,,,,,,,,,,,,,,,,
,,2021,Jan,0.131,2.065,75071,,,,,,,,,,,,,,,,,,,,,,,
,,2021,Feb,0.131,2.196,75074,,,,,,,,,,,,,,,,,,,,,,,
,,2021,Mar,0.128,2.533,75075,,,,,,,,,,,,,,,,,,,,,,,
,,2021,Apr,0.127,2.485,75076,,,,,,,,,,,,,,,,,,,,,,,
,,2021,May,0.128,2.737,75078,,,,,,,,,,,,,,,,,,,,,,,
,,2021,Jun,0.129,2.836,75080,,,,,,,,,,,,,,,,,,,,,,,
,,2021,Jul,0.133,2.882,75081,,,,,,,,,,,,,,,,,,,,,,,
,,2021,Aug,0.144,2.894,75082,,,,,,,,,,,,,,,,,,,,,,,
,,2021,Sep,0.152,2.91,75083,,,,,,,,,,,,,,,,,,,,,,,
,,2021,Oct,0.153,3.033,75085,,,,,,,,,,,,,,,,,,,,,,,
,,2021,Nov,0.153,3.137,75086,,,,,,,,,,,,,,,,,,,,,,,
,,2021,Dec,0.154,3.015,75087,,,,,,,,,,,,,,,,,,,,,,,
,,2022,Jan,0.161,3.058,75088,,,,,,,,,,,,,,,,,,,,,,,
,,2022,Feb,0.162,3.288,75089,,,,,,,,,,,,,,,,,,,,,,,
,,2022,Mar,0.162,3.901,75090,,,,,,,,,,,,,,,,,,,,,,,
,,2022,Apr,0.162,3.816,75091,,,,,,,,,,,,,,,,,,,,,,,
,,2022,May,0.164,4.271,75092,,,,,,,,,,,,,,,,,,,,,,,
,,2022,Jun,0.174,4.748,75093,,,,,,,,,,,,,,,,,,,,,,,
,,2022,Jul,0.196,4.119,75094,,,,,,,,,,,,,,,,,,,,,,,
,,2022,Aug,0.196,3.511,75098,,,,,,,,,,,,,,,,,,,,,,,
,,2022,Sep,0.199,3.231,75099,,,,,,,,,,,,,,,,,,,,,,,
,,2022,Oct,0.199,3.268,75101,,,,,,,,,,,,,,,,,,,,,,,
,,2022,Nov,0.183,3.084,75102,,,,,,,,,,,,,,,,,,,,,,,
,,2022,Dec,0.183,2.782,75103,,,,,,,,,,,,,,,,,,,,,,,
,,2023,Jan,0.178,3.025,75104,,,,,,,,,,,,,,,,,,,,,,,
,,2023,Feb,0.178,3.055,75109,,,,,,,,,,,,,,,,,,,,,,,
,,,,,,75110,,,,,,,,,,,,,,,,,,,,,,,
,,,,,,75114,,,,,,,,,,,,,,,,,,,,,,,
,,,,,,75115,,,,,,,,,,,,,,,,,,,,,,,
,,,,,,75116,,,,,,,,,,,,,,,,,,,,,,,
,,,,,,75117,,,,,,,,,,,,,,,,,,,,,,,
,,,,,,75119,,,,,,,,,,,,,,,,,,,,,,,
,,,,,,75120,,,,,,,,,,,,,,,,,,,,,,,
,,,,,,75121,,,,,,,,,,,,,,,,,,,,,,,
,,,,,,75124,,,,,,,,,,,,,,,,,,,,,,,
,,,,,,75125,,,,,,,,,,,,,,,,,,,,,,,
,,,,,,75126,,,,,,,,,,,,,,,,,,,,,,,
,,,,,,75127,,,,,,,,,,,,,,,,,,,,,,,
,,,,,,75129,,,,,,,,,,,,,,,,,,,,,,,
,,,,,,75132,,,,,,,,,,,,,,,,,,,,,,,
,,,,,,75134,,,,,,,,,,,,,,,,,,,,,,,
,,,,,,75135,,,,,,,,,,,,,,,,,,,,,,,
,,,,,,75137,,,,,,,,,,,,,,,,,,,,,,,
,,,,,,75138,,,,,,,,,,,,,,,,,,,,,,,
,,,,,,75141,,,,,,,,,,,,,,,,,,,,,,,
,,,,,,75142,,,,,,,,,,,,,,,,,,,,,,,
,,,,,,75143,,,,,,,,,,,,,,,,,,,,,,,
,,,,,,75144,,,,,,,,,,,,,,,,,,,,,,,
,,,,,,75145,,,,,,,,,,,,,,,,,,,,,,,
,,,,,,75146,,,,,,,,,,,,,,,,,,,,,,,
,,,,,,75147,,,,,,,,,,,,,,,,,,,,,,,
,,,,,,75148,,,,,,,,,,,,,,,,,,,,,,,
,,,,,,75149,,,,,,,,,,,,,,,,,,,,,,,
,,,,,,75150,,,,,,,,,,,,,,,,,,,,,,,
,,,,,,75151,,,,,,,,,,,,,,,,,,,,,,,
,,,,,,75152,,,,,,,,,,,,,,,,,,,,,,,
,,,,,,75153,,,,,,,,,,,,,,,,,,,,,,,
,,,,,,75154,,,,,,,,,,,,,,,,,,,,,,,
,,,,,,75155,,,,,,,,,,,,,,,,,,,,,,,
,,,,,,75156,,,,,,,,,,,,,,,,,,,,,,,
,,,,,,75157,,,,,,,,,,,,,,,,,,,,,,,
,,,,,,75159,,,,,,,,,,,,,,,,,,,,,,,
,,,,,,75160,,,,,,,,,,,,,,,,,,,,,,,
,,,,,,75161,,,,,,,,,,,,,,,,,,,,,,,
,,,,,,75163,,,,,,,,,,,,,,,,,,,,,,,
,,,,,,75164,,,,,,,,,,,,,,,,,,,,,,,
,,,,,,75165,,,,,,,,,,,,,,,,,,,,,,,
,,,,,,75166,,,,,,,,,,,,,,,,,,,,,,,
,,,,,,75167,,,,,,,,,,,,,,,,,,,,,,,
,,,,,,75168,,,,,,,,,,,,,,,,,,,,,,,
,,,,,,75169,,,,,,,,,,,,,,,,,,,,,,,
,,,,,,75172,,,,,,,,,,,,,,,,,,,,,,,
,,,,,,75173,,,,,,,,,,,,,,,,,,,,,,,
,,,,,,75180,,,,,,,,,,,,,,,,,,,,,,,
,,,,,,75181,,,,,,,,,,,,,,,,,,,,,,,
,,,,,,75182,,,,,,,,,,,,,,,,,,,,,,,
,,,,,,75185,,,,,,,,,,,,,,,,,,,,,,,
,,,,,,75189,,,,,,,,,,,,,,,,,,,,,,,
,,,,,,75201,,,,,,,,,,,,,,,,,,,,,,,
,,,,,,75202,,,,,,,,,,,,,,,,,,,,,,,
,,,,,,75203,,,,,,,,,,,,,,,,,,,,,,,
,,,,,,75204,,,,,,,,,,,,,,,,,,,,,,,
,,,,,,75205,,,,,,,,,,,,,,,,,,,,,,,
,,,,,,75206,,,,,,,,,,,,,,,,,,,,,,,
,,,,,,75207,,,,,,,,,,,,,,,,,,,,,,,
,,,,,,75208,,,,,,,,,,,,,,,,,,,,,,,
,,,,,,75209,,,,,,,,,,,,,,,,,,,,,,,
,,,,,,75210,,,,,,,,,,,,,,,,,,,,,,,
,,,,,,75211,,,,,,,,,,,,,,,,,,,,,,,
,,,,,,75212,,,,,,,,,,,,,,,,,,,,,,,
,,,,,,75214,,,,,,,,,,,,,,,,,,,,,,,
,,,,,,75215,,,,,,,,,,,,,,,,,,,,,,,
,,,,,,75216,,,,,,,,,,,,,,,,,,,,,,,
,,,,,,75217,,,,,,,,,,,,,,,,,,,,,,,
,,,,,,75218,,,,,,,,,,,,,,,,,,,,,,,
,,,,,,75219,,,,,,,,,,,,,,,,,,,,,,,
,,,,,,75220,,,,,,,,,,,,,,,,,,,,,,,
,,,,,,75223,,,,,,,,,,,,,,,,,,,,,,,
,,,,,,75224,,,,,,,,,,,,,,,,,,,,,,,
,,,,,,75225,,,,,,,,,,,,,,,,,,,,,,,
,,,,,,75226,,,,,,,,,,,,,,,,,,,,,,,
,,,,,,75227,,,,,,,,,,,,,,,,,,,,,,,
,,,,,,75228,,,,,,,,,,,,,,,,,,,,,,,
,,,,,,75229,,,,,,,,,,,,,,,,,,,,,,,
,,,,,,75230,,,,,,,,,,,,,,,,,,,,,,,
,,,,,,75231,,,,,,,,,,,,,,,,,,,,,,,
,,,,,,75232,,,,,,,,,,,,,,,,,,,,,,,
,,,,,,75233,,,,,,,,,,,,,,,,,,,,,,,
,,,,,,75234,,,,,,,,,,,,,,,,,,,,,,,
,,,,,,75235,,,,,,,,,,,,,,,,,,,,,,,
,,,,,,75236,,,,,,,,,,,,,,,,,,,,,,,
,,,,,,75237,,,,,,,,,,,,,,,,,,,,,,,
,,,,,,75238,,,,,,,,,,,,,,,,,,,,,,,
,,,,,,75239,,,,,,,,,,,,,,,,,,,,,,,
,,,,,,75240,,,,,,,,,,,,,,,,,,,,,,,
,,,,,,75241,,,,,,,,,,,,,,,,,,,,,,,
,,,,,,75242,,,,,,,,,,,,,,,,,,,,,,,
,,,,,,75243,,,,,,,,,,,,,,,,,,,,,,,
,,,,,,75244,,,,,,,,,,,,,,,,,,,,,,,
,,,,,,75246,,,,,,,,,,,,,,,,,,,,,,,
,,,,,,75247,,,,,,,,,,,,,,,,,,,,,,,
,,,,,,75248,,,,,,,,,,,,,,,,,,,,,,,
,,,,,,75249,,,,,,,,,,,,,,,,,,,,,,,
,,,,,,75251,,,,,,,,,,,,,,,,,,,,,,,
,,,,,,75252,,,,,,,,,,,,,,,,,,,,,,,
,,,,,,75253,,,,,,,,,,,,,,,,,,,,,,,
,,,,,,75254,,,,,,,,,,,,,,,,,,,,,,,
,,,,,,75261,,,,,,,,,,,,,,,,,,,,,,,
,,,,,,75270,,,,,,,,,,,,,,,,,,,,,,,
,,,,,,75287,,,,,,,,,,,,,,,,,,,,,,,
,,,,,,75381,,,,,,,,,,,,,,,,,,,,,,,
,,,,,,75390,,,,,,,,,,,,,,,,,,,,,,,
,,,,,,75398,,,,,,,,,,,,,,,,,,,,,,,
,,,,,,75401,,,,,,,,,,,,,,,,,,,,,,,
,,,,,,75402,,,,,,,,,,,,,,,,,,,,,,,
,,,,,,75407,,,,,,,,,,,,,,,,,,,,,,,
,,,,,,75409,,,,,,,,,,,,,,,,,,,,,,,
,,,,,,75411,,,,,,,,,,,,,,,,,,,,,,,
,,,,,,75414,,,,,,,,,,,,,,,,,,,,,,,
,,,,,,75415,,,,,,,,,,,,,,,,,,,,,,,
,,,,,,75418,,,,,,,,,,,,,,,,,,,,,,,
,,,,,,75420,,,,,,,,,,,,,,,,,,,,,,,
,,,,,,75422,,,,,,,,,,,,,,,,,,,,,,,
,,,,,,75426,,,,,,,,,,,,,,,,,,,,,,,
,,,,,,75428,,,,,,,,,,,,,,,,,,,,,,,
,,,,,,75429,,,,,,,,,,,,,,,,,,,,,,,
,,,,,,75431,,,,,,,,,,,,,,,,,,,,,,,
,,,,,,75432,,,,,,,,,,,,,,,,,,,,,,,
,,,,,,75433,,,,,,,,,,,,,,,,,,,,,,,
,,,,,,75434,,,,,,,,,,,,,,,,,,,,,,,
,,,,,,75437,,,,,,,,,,,,,,,,,,,,,,,
,,,,,,75438,,,,,,,,,,,,,,,,,,,,,,,
,,,,,,75439,,,,,,,,,,,,,,,,,,,,,,,
,,,,,,75441,,,,,,,,,,,,,,,,,,,,,,,
,,,,,,75442,,,,,,,,,,,,,,,,,,,,,,,
,,,,,,75446,,,,,,,,,,,,,,,,,,,,,,,
,,,,,,75447,,,,,,,,,,,,,,,,,,,,,,,
,,,,,,75448,,,,,,,,,,,,,,,,,,,,,,,
,,,,,,75449,,,,,,,,,,,,,,,,,,,,,,,
,,,,,,75454,,,,,,,,,,,,,,,,,,,,,,,
,,,,,,75459,,,,,,,,,,,,,,,,,,,,,,,
,,,,,,75460,,,,,,,,,,,,,,,,,,,,,,,
,,,,,,75461,,,,,,,,,,,,,,,,,,,,,,,
,,,,,,75462,,,,,,,,,,,,,,,,,,,,,,,
,,,,,,75469,,,,,,,,,,,,,,,,,,,,,,,
,,,,,,75470,,,,,,,,,,,,,,,,,,,,,,,
,,,,,,75473,,,,,,,,,,,,,,,,,,,,,,,
,,,,,,75474,,,,,,,,,,,,,,,,,,,,,,,
,,,,,,75476,,,,,,,,,,,,,,,,,,,,,,,
,,,,,,75477,,,,,,,,,,,,,,,,,,,,,,,
,,,,,,75479,,,,,,,,,,,,,,,,,,,,,,,
,,,,,,75481,,,,,,,,,,,,,,,,,,,,,,,
,,,,,,75482,,,,,,,,,,,,,,,,,,,,,,,
,,,,,,75483,,,,,,,,,,,,,,,,,,,,,,,
,,,,,,75488,,,,,,,,,,,,,,,,,,,,,,,
,,,,,,75492,,,,,,,,,,,,,,,,,,,,,,,
,,,,,,75495,,,,,,,,,,,,,,,,,,,,,,,
,,,,,,75496,,,,,,,,,,,,,,,,,,,,,,,
,,,,,,75497,,,,,,,,,,,,,,,,,,,,,,,
,,,,,,75501,,,,,,,,,,,,,,,,,,,,,,,
,,,,,,75550,,,,,,,,,,,,,,,,,,,,,,,
,,,,,,75652,,,,,,,,,,,,,,,,,,,,,,,
,,,,,,75654,,,,,,,,,,,,,,,,,,,,,,,
,,,,,,75667,,,,,,,,,,,,,,,,,,,,,,,
,,,,,,75672,,,,,,,,,,,,,,,,,,,,,,,
,,,,,,75684,,,,,,,,,,,,,,,,,,,,,,,
,,,,,,75701,,,,,,,,,,,,,,,,,,,,,,,
,,,,,,75702,,,,,,,,,,,,,,,,,,,,,,,
,,,,,,75703,,,,,,,,,,,,,,,,,,,,,,,
,,,,,,75704,,,,,,,,,,,,,,,,,,,,,,,
,,,,,,75705,,,,,,,,,,,,,,,,,,,,,,,
,,,,,,75706,,,,,,,,,,,,,,,,,,,,,,,
,,,,,,75707,,,,,,,,,,,,,,,,,,,,,,,
,,,,,,75708,,,,,,,,,,,,,,,,,,,,,,,
,,,,,,75709,,,,,,,,,,,,,,,,,,,,,,,
,,,,,,75710,,,,,,,,,,,,,,,,,,,,,,,
,,,,,,75711,,,,,,,,,,,,,,,,,,,,,,,
,,,,,,75712,,,,,,,,,,,,,,,,,,,,,,,
,,,,,,75713,,,,,,,,,,,,,,,,,,,,,,,
,,,,,,75750,,,,,,,,,,,,,,,,,,,,,,,
,,,,,,75751,,,,,,,,,,,,,,,,,,,,,,,
,,,,,,75752,,,,,,,,,,,,,,,,,,,,,,,
,,,,,,75754,,,,,,,,,,,,,,,,,,,,,,,
,,,,,,75756,,,,,,,,,,,,,,,,,,,,,,,
,,,,,,75757,,,,,,,,,,,,,,,,,,,,,,,
,,,,,,75758,,,,,,,,,,,,,,,,,,,,,,,
,,,,,,75760,,,,,,,,,,,,,,,,,,,,,,,
,,,,,,75762,,,,,,,,,,,,,,,,,,,,,,,
,,,,,,75763,,,,,,,,,,,,,,,,,,,,,,,
,,,,,,75764,,,,,,,,,,,,,,,,,,,,,,,
,,,,,,75766,,,,,,,,,,,,,,,,,,,,,,,
,,,,,,75770,,,,,,,,,,,,,,,,,,,,,,,
,,,,,,75771,,,,,,,,,,,,,,,,,,,,,,,
,,,,,,75778,,,,,,,,,,,,,,,,,,,,,,,
,,,,,,75779,,,,,,,,,,,,,,,,,,,,,,,
,,,,,,75780,,,,,,,,,,,,,,,,,,,,,,,
,,,,,,75782,,,,,,,,,,,,,,,,,,,,,,,
,,,,,,75783,,,,,,,,,,,,,,,,,,,,,,,
,,,,,,75785,,,,,,,,,,,,,,,,,,,,,,,
,,,,,,75788,,,,,,,,,,,,,,,,,,,,,,,
,,,,,,75789,,,,,,,,,,,,,,,,,,,,,,,
,,,,,,75790,,,,,,,,,,,,,,,,,,,,,,,
,,,,,,75791,,,,,,,,,,,,,,,,,,,,,,,
,,,,,,75801,,,,,,,,,,,,,,,,,,,,,,,
,,,,,,75802,,,,,,,,,,,,,,,,,,,,,,,
,,,,,,75803,,,,,,,,,,,,,,,,,,,,,,,
,,,,,,75831,,,,,,,,,,,,,,,,,,,,,,,
,,,,,,75833,,,,,,,,,,,,,,,,,,,,,,,
,,,,,,75835,,,,,,,,,,,,,,,,,,,,,,,
,,,,,,75839,,,,,,,,,,,,,,,,,,,,,,,
,,,,,,75840,,,,,,,,,,,,,,,,,,,,,,,
,,,,,,75844,,,,,,,,,,,,,,,,,,,,,,,
,,,,,,75846,,,,,,,,,,,,,,,,,,,,,,,
,,,,,,75848,,,,,,,,,,,,,,,,,,,,,,,
,,,,,,75849,,,,,,,,,,,,,,,,,,,,,,,
,,,,,,75850,,,,,,,,,,,,,,,,,,,,,,,
,,,,,,75851,,,,,,,,,,,,,,,,,,,,,,,
,,,,,,75853,,,,,,,,,,,,,,,,,,,,,,,
,,,,,,75855,,,,,,,,,,,,,,,,,,,,,,,
,,,,,,75859,,,,,,,,,,,,,,,,,,,,,,,
,,,,,,75860,,,,,,,,,,,,,,,,,,,,,,,
,,,,,,75861,,,,,,,,,,,,,,,,,,,,,,,
,,,,,,75901,,,,,,,,,,,,,,,,,,,,,,,
,,,,,,75902,,,,,,,,,,,,,,,,,,,,,,,
,,,,,,75903,,,,,,,,,,,,,,,,,,,,,,,
,,,,,,75904,,,,,,,,,,,,,,,,,,,,,,,
,,,,,,75911,,,,,,,,,,,,,,,,,,,,,,,
,,,,,,75915,,,,,,,,,,,,,,,,,,,,,,,
,,,,,,75925,,,,,,,,,,,,,,,,,,,,,,,
,,,,,,75937,,,,,,,,,,,,,,,,,,,,,,,
,,,,,,75939,,,,,,,,,,,,,,,,,,,,,,,
,,,,,,75941,,,,,,,,,,,,,,,,,,,,,,,
,,,,,,75943,,,,,,,,,,,,,,,,,,,,,,,
,,,,,,75949,,,,,,,,,,,,,,,,,,,,,,,
,,,,,,75961,,,,,,,,,,,,,,,,,,,,,,,
,,,,,,75962,,,,,,,,,,,,,,,,,,,,,,,
,,,,,,75963,,,,,,,,,,,,,,,,,,,,,,,
,,,,,,75964,,,,,,,,,,,,,,,,,,,,,,,
,,,,,,75965,,,,,,,,,,,,,,,,,,,,,,,
,,,,,,75969,,,,,,,,,,,,,,,,,,,,,,,
,,,,,,75976,,,,,,,,,,,,,,,,,,,,,,,
,,,,,,75980,,,,,,,,,,,,,,,,,,,,,,,
,,,,,,76001,,,,,,,,,,,,,,,,,,,,,,,
,,,,,,76002,,,,,,,,,,,,,,,,,,,,,,,
,,,,,,76004,,,,,,,,,,,,,,,,,,,,,,,
,,,,,,76006,,,,,,,,,,,,,,,,,,,,,,,
,,,,,,76008,,,,,,,,,,,,,,,,,,,,,,,
,,,,,,76009,,,,,,,,,,,,,,,,,,,,,,,
,,,,,,76010,,,,,,,,,,,,,,,,,,,,,,,
,,,,,,76011,,,,,,,,,,,,,,,,,,,,,,,
,,,,,,76012,,,,,,,,,,,,,,,,,,,,,,,
,,,,,,76013,,,,,,,,,,,,,,,,,,,,,,,
,,,,,,76014,,,,,,,,,,,,,,,,,,,,,,,
,,,,,,76015,,,,,,,,,,,,,,,,,,,,,,,
,,,,,,76016,,,,,,,,,,,,,,,,,,,,,,,
,,,,,,76017,,,,,,,,,,,,,,,,,,,,,,,
,,,,,,76018,,,,,,,,,,,,,,,,,,,,,,,
,,,,,,76020,,,,,,,,,,,,,,,,,,,,,,,
,,,,,,76021,,,,,,,,,,,,,,,,,,,,,,,
,,,,,,76022,,,,,,,,,,,,,,,,,,,,,,,
,,,,,,76023,,,,,,,,,,,,,,,,,,,,,,,
,,,,,,76026,,,,,,,,,,,,,,,,,,,,,,,
,,,,,,76028,,,,,,,,,,,,,,,,,,,,,,,
,,,,,,76031,,,,,,,,,,,,,,,,,,,,,,,
,,,,,,76033,,,,,,,,,,,,,,,,,,,,,,,
,,,,,,76034,,,,,,,,,,,,,,,,,,,,,,,
,,,,,,76035,,,,,,,,,,,,,,,,,,,,,,,
,,,,,,76036,,,,,,,,,,,,,,,,,,,,,,,
,,,,,,76039,,,,,,,,,,,,,,,,,,,,,,,
,,,,,,76040,,,,,,,,,,,,,,,,,,,,,,,
,,,,,,76041,,,,,,,,,,,,,,,,,,,,,,,
,,,,,,76044,,,,,,,,,,,,,,,,,,,,,,,
,,,,,,76048,,,,,,,,,,,,,,,,,,,,,,,
,,,,,,76049,,,,,,,,,,,,,,,,,,,,,,,
,,,,,,76050,,,,,,,,,,,,,,,,,,,,,,,
,,,,,,76051,,,,,,,,,,,,,,,,,,,,,,,
,,,,,,76052,,,,,,,,,,,,,,,,,,,,,,,
,,,,,,76053,,,,,,,,,,,,,,,,,,,,,,,
,,,,,,76054,,,,,,,,,,,,,,,,,,,,,,,
,,,,,,76055,,,,,,,,,,,,,,,,,,,,,,,
,,,,,,76058,,,,,,,,,,,,,,,,,,,,,,,
,,,,,,76059,,,,,,,,,,,,,,,,,,,,,,,
,,,,,,76060,,,,,,,,,,,,,,,,,,,,,,,
,,,,,,76063,,,,,,,,,,,,,,,,,,,,,,,
,,,,,,76064,,,,,,,,,,,,,,,,,,,,,,,
,,,,,,76065,,,,,,,,,,,,,,,,,,,,,,,
,,,,,,76066,,,,,,,,,,,,,,,,,,,,,,,
,,,,,,76067,,,,,,,,,,,,,,,,,,,,,,,
,,,,,,76068,,,,,,,,,,,,,,,,,,,,,,,
,,,,,,76071,,,,,,,,,,,,,,,,,,,,,,,
,,,,,,76073,,,,,,,,,,,,,,,,,,,,,,,
,,,,,,76078,,,,,,,,,,,,,,,,,,,,,,,
,,,,,,76081,,,,,,,,,,,,,,,,,,,,,,,
,,,,,,76082,,,,,,,,,,,,,,,,,,,,,,,
,,,,,,76083,,,,,,,,,,,,,,,,,,,,,,,
,,,,,,76084,,,,,,,,,,,,,,,,,,,,,,,
,,,,,,76085,,,,,,,,,,,,,,,,,,,,,,,
,,,,,,76086,,,,,,,,,,,,,,,,,,,,,,,
,,,,,,76087,,,,,,,,,,,,,,,,,,,,,,,
,,,,,,76088,,,,,,,,,,,,,,,,,,,,,,,
,,,,,,76092,,,,,,,,,,,,,,,,,,,,,,,
,,,,,,76098,,,,,,,,,,,,,,,,,,,,,,,
,,,,,,76101,,,,,,,,,,,,,,,,,,,,,,,
,,,,,,76102,,,,,,,,,,,,,,,,,,,,,,,
,,,,,,76103,,,,,,,,,,,,,,,,,,,,,,,
,,,,,,76104,,,,,,,,,,,,,,,,,,,,,,,
,,,,,,76105,,,,,,,,,,,,,,,,,,,,,,,
,,,,,,76106,,,,,,,,,,,,,,,,,,,,,,,
,,,,,,76107,,,,,,,,,,,,,,,,,,,,,,,
,,,,,,76108,,,,,,,,,,,,,,,,,,,,,,,
,,,,,,76109,,,,,,,,,,,,,,,,,,,,,,,
,,,,,,76110,,,,,,,,,,,,,,,,,,,,,,,
,,,,,,76111,,,,,,,,,,,,,,,,,,,,,,,
,,,,,,76112,,,,,,,,,,,,,,,,,,,,,,,
,,,,,,76113,,,,,,,,,,,,,,,,,,,,,,,
,,,,,,76114,,,,,,,,,,,,,,,,,,,,,,,
,,,,,,76115,,,,,,,,,,,,,,,,,,,,,,,
,,,,,,76116,,,,,,,,,,,,,,,,,,,,,,,
,,,,,,76117,,,,,,,,,,,,,,,,,,,,,,,
,,,,,,76118,,,,,,,,,,,,,,,,,,,,,,,
,,,,,,76119,,,,,,,,,,,,,,,,,,,,,,,
,,,,,,76120,,,,,,,,,,,,,,,,,,,,,,,
,,,,,,76123,,,,,,,,,,,,,,,,,,,,,,,
,,,,,,76126,,,,,,,,,,,,,,,,,,,,,,,
,,,,,,76127,,,,,,,,,,,,,,,,,,,,,,,
,,,,,,76129,,,,,,,,,,,,,,,,,,,,,,,
,,,,,,76131,,,,,,,,,,,,,,,,,,,,,,,
,,,,,,76132,,,,,,,,,,,,,,,,,,,,,,,
,,,,,,76133,,,,,,,,,,,,,,,,,,,,,,,
,,,,,,76134,,,,,,,,,,,,,,,,,,,,,,,
,,,,,,76135,,,,,,,,,,,,,,,,,,,,,,,
,,,,,,76137,,,,,,,,,,,,,,,,,,,,,,,
,,,,,,76140,,,,,,,,,,,,,,,,,,,,,,,
,,,,,,76148,,,,,,,,,,,,,,,,,,,,,,,
,,,,,,76155,,,,,,,,,,,,,,,,,,,,,,,
,,,,,,76161,,,,,,,,,,,,,,,,,,,,,,,
,,,,,,76165,,,,,,,,,,,,,,,,,,,,,,,
,,,,,,76177,,,,,,,,,,,,,,,,,,,,,,,
,,,,,,76178,,,,,,,,,,,,,,,,,,,,,,,
,,,,,,76179,,,,,,,,,,,,,,,,,,,,,,,
,,,,,,76180,,,,,,,,,,,,,,,,,,,,,,,
,,,,,,76193,,,,,,,,,,,,,,,,,,,,,,,
,,,,,,76201,,,,,,,,,,,,,,,,,,,,,,,
,,,,,,76202,,,,,,,,,,,,,,,,,,,,,,,
,,,,,,76203,,,,,,,,,,,,,,,,,,,,,,,
,,,,,,76205,,,,,,,,,,,,,,,,,,,,,,,
,,,,,,76206,,,,,,,,,,,,,,,,,,,,,,,
,,,,,,76207,,,,,,,,,,,,,,,,,,,,,,,
,,,,,,76208,,,,,,,,,,,,,,,,,,,,,,,
,,,,,,76209,,,,,,,,,,,,,,,,,,,,,,,
,,,,,,76210,,,,,,,,,,,,,,,,,,,,,,,
,,,,,,76225,,,,,,,,,,,,,,,,,,,,,,,
,,,,,,76226,,,,,,,,,,,,,,,,,,,,,,,
,,,,,,76227,,,,,,,,,,,,,,,,,,,,,,,
,,,,,,76228,,,,,,,,,,,,,,,,,,,,,,,
,,,,,,76230,,,,,,,,,,,,,,,,,,,,,,,
,,,,,,76233,,,,,,,,,,,,,,,,,,,,,,,
,,,,,,76234,,,,,,,,,,,,,,,,,,,,,,,
,,,,,,76240,,,,,,,,,,,,,,,,,,,,,,,
,,,,,,76241,,,,,,,,,,,,,,,,,,,,,,,
,,,,,,76244,,,,,,,,,,,,,,,,,,,,,,,
,,,,,,76247,,,,,,,,,,,,,,,,,,,,,,,
,,,,,,76248,,,,,,,,,,,,,,,,,,,,,,,
,,,,,,76249,,,,,,,,,,,,,,,,,,,,,,,
,,,,,,76250,,,,,,,,,,,,,,,,,,,,,,,
,,,,,,76252,,,,,,,,,,,,,,,,,,,,,,,
,,,,,,76253,,,,,,,,,,,,,,,,,,,,,,,
,,,,,,76259,,,,,,,,,,,,,,,,,,,,,,,
,,,,,,76262,,,,,,,,,,,,,,,,,,,,,,,
,,,,,,76264,,,,,,,,,,,,,,,,,,,,,,,
,,,,,,76267,,,,,,,,,,,,,,,,,,,,,,,
,,,,,,76268,,,,,,,,,,,,,,,,,,,,,,,
,,,,,,76270,,,,,,,,,,,,,,,,,,,,,,,
,,,,,,76272,,,,,,,,,,,,,,,,,,,,,,,
,,,,,,76273,,,,,,,,,,,,,,,,,,,,,,,
,,,,,,76301,,,,,,,,,,,,,,,,,,,,,,,
,,,,,,76302,,,,,,,,,,,,,,,,,,,,,,,
,,,,,,76303,,,,,,,,,,,,,,,,,,,,,,,
,,,,,,76304,,,,,,,,,,,,,,,,,,,,,,,
,,,,,,76305,,,,,,,,,,,,,,,,,,,,,,,
,,,,,,76306,,,,,,,,,,,,,,,,,,,,,,,
,,,,,,76307,,,,,,,,,,,,,,,,,,,,,,,
,,,,,,76308,,,,,,,,,,,,,,,,,,,,,,,
,,,,,,76309,,,,,,,,,,,,,,,,,,,,,,,
,,,,,,76310,,,,,,,,,,,,,,,,,,,,,,,
,,,,,,76320,,,,,,,,,,,,,,,,,,,,,,,
,,,,,,76351,,,,,,,,,,,,,,,,,,,,,,,
,,,,,,76352,,,,,,,,,,,,,,,,,,,,,,,
,,,,,,76354,,,,,,,,,,,,,,,,,,,,,,,
,,,,,,76360,,,,,,,,,,,,,,,,,,,,,,,
,,,,,,76363,,,,,,,,,,,,,,,,,,,,,,,
,,,,,,76365,,,,,,,,,,,,,,,,,,,,,,,
,,,,,,76366,,,,,,,,,,,,,,,,,,,,,,,
,,,,,,76367,,,,,,,,,,,,,,,,,,,,,,,
,,,,,,76369,,,,,,,,,,,,,,,,,,,,,,,
,,,,,,76371,,,,,,,,,,,,,,,,,,,,,,,
,,,,,,76372,,,,,,,,,,,,,,,,,,,,,,,
,,,,,,76374,,,,,,,,,,,,,,,,,,,,,,,
,,,,,,76380,,,,,,,,,,,,,,,,,,,,,,,
,,,,,,76384,,,,,,,,,,,,,,,,,,,,,,,
,,,,,,76401,,,,,,,,,,,,,,,,,,,,,,,
,,,,,,76424,,,,,,,,,,,,,,,,,,,,,,,
,,,,,,76426,,,,,,,,,,,,,,,,,,,,,,,
,,,,,,76429,,,,,,,,,,,,,,,,,,,,,,,
,,,,,,76430,,,,,,,,,,,,,,,,,,,,,,,
,,,,,,76431,,,,,,,,,,,,,,,,,,,,,,,
,,,,,,76432,,,,,,,,,,,,,,,,,,,,,,,
,,,,,,76435,,,,,,,,,,,,,,,,,,,,,,,
,,,,,,76437,,,,,,,,,,,,,,,,,,,,,,,
,,,,,,76442,,,,,,,,,,,,,,,,,,,,,,,
,,,,,,76444,,,,,,,,,,,,,,,,,,,,,,,
,,,,,,76445,,,,,,,,,,,,,,,,,,,,,,,
,,,,,,76446,,,,,,,,,,,,,,,,,,,,,,,
,,,,,,76448,,,,,,,,,,,,,,,,,,,,,,,
,,,,,,76449,,,,,,,,,,,,,,,,,,,,,,,
,,,,,,76450,,,,,,,,,,,,,,,,,,,,,,,
,,,,,,76454,,,,,,,,,,,,,,,,,,,,,,,
,,,,,,76455,,,,,,,,,,,,,,,,,,,,,,,
,,,,,,76458,,,,,,,,,,,,,,,,,,,,,,,
,,,,,,76462,,,,,,,,,,,,,,,,,,,,,,,
,,,,,,76466,,,,,,,,,,,,,,,,,,,,,,,
,,,,,,76470,,,,,,,,,,,,,,,,,,,,,,,
,,,,,,76472,,,,,,,,,,,,,,,,,,,,,,,
,,,,,,76484,,,,,,,,,,,,,,,,,,,,,,,
,,,,,,76485,,,,,,,,,,,,,,,,,,,,,,,
,,,,,,76486,,,,,,,,,,,,,,,,,,,,,,,
,,,,,,76487,,,,,,,,,,,,,,,,,,,,,,,
,,,,,,76490,,,,,,,,,,,,,,,,,,,,,,,
,,,,,,76501,,,,,,,,,,,,,,,,,,,,,,,
,,,,,,76502,,,,,,,,,,,,,,,,,,,,,,,
,,,,,,76503,,,,,,,,,,,,,,,,,,,,,,,
,,,,,,76504,,,,,,,,,,,,,,,,,,,,,,,
,,,,,,76505,,,,,,,,,,,,,,,,,,,,,,,
,,,,,,76508,,,,,,,,,,,,,,,,,,,,,,,
,,,,,,76511,,,,,,,,,,,,,,,,,,,,,,,
,,,,,,76513,,,,,,,,,,,,,,,,,,,,,,,
,,,,,,76518,,,,,,,,,,,,,,,,,,,,,,,
,,,,,,76519,,,,,,,,,,,,,,,,,,,,,,,
,,,,,,76520,,,,,,,,,,,,,,,,,,,,,,,
,,,,,,76522,,,,,,,,,,,,,,,,,,,,,,,
,,,,,,76523,,,,,,,,,,,,,,,,,,,,,,,
,,,,,,76524,,,,,,,,,,,,,,,,,,,,,,,
,,,,,,76527,,,,,,,,,,,,,,,,,,,,,,,
,,,,,,76528,,,,,,,,,,,,,,,,,,,,,,,
,,,,,,76530,,,,,,,,,,,,,,,,,,,,,,,
,,,,,,76533,,,,,,,,,,,,,,,,,,,,,,,
,,,,,,76534,,,,,,,,,,,,,,,,,,,,,,,
,,,,,,76537,,,,,,,,,,,,,,,,,,,,,,,
,,,,,,76539,,,,,,,,,,,,,,,,,,,,,,,
,,,,,,76540,,,,,,,,,,,,,,,,,,,,,,,
,,,,,,76541,,,,,,,,,,,,,,,,,,,,,,,
,,,,,,76542,,,,,,,,,,,,,,,,,,,,,,,
,,,,,,76543,,,,,,,,,,,,,,,,,,,,,,,
,,,,,,76544,,,,,,,,,,,,,,,,,,,,,,,
,,,,,,76547,,,,,,,,,,,,,,,,,,,,,,,
,,,,,,76548,,,,,,,,,,,,,,,,,,,,,,,
,,,,,,76549,,,,,,,,,,,,,,,,,,,,,,,
,,,,,,76554,,,,,,,,,,,,,,,,,,,,,,,
,,,,,,76556,,,,,,,,,,,,,,,,,,,,,,,
,,,,,,76557,,,,,,,,,,,,,,,,,,,,,,,
,,,,,,76559,,,,,,,,,,,,,,,,,,,,,,,
,,,,,,76561,,,,,,,,,,,,,,,,,,,,,,,
,,,,,,76564,,,,,,,,,,,,,,,,,,,,,,,
,,,,,,76567,,,,,,,,,,,,,,,,,,,,,,,
,,,,,,76569,,,,,,,,,,,,,,,,,,,,,,,
,,,,,,76570,,,,,,,,,,,,,,,,,,,,,,,
,,,,,,76571,,,,,,,,,,,,,,,,,,,,,,,
,,,,,,76573,,,,,,,,,,,,,,,,,,,,,,,
,,,,,,76574,,,,,,,,,,,,,,,,,,,,,,,
,,,,,,76577,,,,,,,,,,,,,,,,,,,,,,,
,,,,,,76578,,,,,,,,,,,,,,,,,,,,,,,
,,,,,,76579,,,,,,,,,,,,,,,,,,,,,,,
,,,,,,76602,,,,,,,,,,,,,,,,,,,,,,,
,,,,,,76621,,,,,,,,,,,,,,,,,,,,,,,
,,,,,,76623,,,,,,,,,,,,,,,,,,,,,,,
,,,,,,76624,,,,,,,,,,,,,,,,,,,,,,,
,,,,,,76626,,,,,,,,,,,,,,,,,,,,,,,
,,,,,,76628,,,,,,,,,,,,,,,,,,,,,,,
,,,,,,76630,,,,,,,,,,,,,,,,,,,,,,,
,,,,,,76631,,,,,,,,,,,,,,,,,,,,,,,
,,,,,,76632,,,,,,,,,,,,,,,,,,,,,,,
,,,,,,76633,,,,,,,,,,,,,,,,,,,,,,,
,,,,,,76634,,,,,,,,,,,,,,,,,,,,,,,
,,,,,,76635,,,,,,,,,,,,,,,,,,,,,,,
,,,,,,76639,,,,,,,,,,,,,,,,,,,,,,,
,,,,,,76640,,,,,,,,,,,,,,,,,,,,,,,
,,,,,,76641,,,,,,,,,,,,,,,,,,,,,,,
,,,,,,76642,,,,,,,,,,,,,,,,,,,,,,,
,,,,,,76643,,,,,,,,,,,,,,,,,,,,,,,
,,,,,,76645,,,,,,,,,,,,,,,,,,,,,,,
,,,,,,76648,,,,,,,,,,,,,,,,,,,,,,,
,,,,,,76650,,,,,,,,,,,,,,,,,,,,,,,
,,,,,,76651,,,,,,,,,,,,,,,,,,,,,,,
,,,,,,76654,,,,,,,,,,,,,,,,,,,,,,,
,,,,,,76655,,,,,,,,,,,,,,,,,,,,,,,
,,,,,,76656,,,,,,,,,,,,,,,,,,,,,,,
,,,,,,76657,,,,,,,,,,,,,,,,,,,,,,,
,,,,,,76660,,,,,,,,,,,,,,,,,,,,,,,
,,,,,,76661,,,,,,,,,,,,,,,,,,,,,,,
,,,,,,76664,,,,,,,,,,,,,,,,,,,,,,,
,,,,,,76666,,,,,,,,,,,,,,,,,,,,,,,
,,,,,,76667,,,,,,,,,,,,,,,,,,,,,,,
,,,,,,76670,,,,,,,,,,,,,,,,,,,,,,,
,,,,,,76673,,,,,,,,,,,,,,,,,,,,,,,
,,,,,,76675,,,,,,,,,,,,,,,,,,,,,,,
,,,,,,76676,,,,,,,,,,,,,,,,,,,,,,,
,,,,,,76677,,,,,,,,,,,,,,,,,,,,,,,
,,,,,,76678,,,,,,,,,,,,,,,,,,,,,,,
,,,,,,76679,,,,,,,,,,,,,,,,,,,,,,,
,,,,,,76680,,,,,,,,,,,,,,,,,,,,,,,
,,,,,,76681,,,,,,,,,,,,,,,,,,,,,,,
,,,,,,76682,,,,,,,,,,,,,,,,,,,,,,,
,,,,,,76685,,,,,,,,,,,,,,,,,,,,,,,
,,,,,,76686,,,,,,,,,,,,,,,,,,,,,,,
,,,,,,76687,,,,,,,,,,,,,,,,,,,,,,,
,,,,,,76691,,,,,,,,,,,,,,,,,,,,,,,
,,,,,,76692,,,,,,,,,,,,,,,,,,,,,,,
,,,,,,76693,,,,,,,,,,,,,,,,,,,,,,,
,,,,,,76701,,,,,,,,,,,,,,,,,,,,,,,
,,,,,,76702,,,,,,,,,,,,,,,,,,,,,,,
,,,,,,76703,,,,,,,,,,,,,,,,,,,,,,,
,,,,,,76704,,,,,,,,,,,,,,,,,,,,,,,
,,,,,,76705,,,,,,,,,,,,,,,,,,,,,,,
,,,,,,76706,,,,,,,,,,,,,,,,,,,,,,,
,,,,,,76707,,,,,,,,,,,,,,,,,,,,,,,
,,,,,,76708,,,,,,,,,,,,,,,,,,,,,,,
,,,,,,76710,,,,,,,,,,,,,,,,,,,,,,,
,,,,,,76711,,,,,,,,,,,,,,,,,,,,,,,
,,,,,,76712,,,,,,,,,,,,,,,,,,,,,,,
,,,,,,76714,,,,,,,,,,,,,,,,,,,,,,,
,,,,,,76780,,,,,,,,,,,,,,,,,,,,,,,
,,,,,,76797,,,,,,,,,,,,,,,,,,,,,,,
,,,,,,76798,,,,,,,,,,,,,,,,,,,,,,,
,,,,,,76799,,,,,,,,,,,,,,,,,,,,,,,
,,,,,,76801,,,,,,,,,,,,,,,,,,,,,,,
,,,,,,76802,,,,,,,,,,,,,,,,,,,,,,,
,,,,,,76803,,,,,,,,,,,,,,,,,,,,,,,
,,,,,,76804,,,,,,,,,,,,,,,,,,,,,,,
,,,,,,76823,,,,,,,,,,,,,,,,,,,,,,,
,,,,,,76890,,,,,,,,,,,,,,,,,,,,,,,
,,,,,,76951,,,,,,,,,,,,,,,,,,,,,,,
,,,,,,77513,,,,,,,,,,,,,,,,,,,,,,,
,,,,,,77850,,,,,,,,,,,,,,,,,,,,,,,
,,,,,,77865,,,,,,,,,,,,,,,,,,,,,,,
,,,,,,77954,,,,,,,,,,,,,,,,,,,,,,,
,,,,,,78060,,,,,,,,,,,,,,,,,,,,,,,
,,,,,,78401,,,,,,,,,,,,,,,,,,,,,,,
,,,,,,78516,,,,,,,,,,,,,,,,,,,,,,,
,,,,,,78520,,,,,,,,,,,,,,,,,,,,,,,
,,,,,,78572,,,,,,,,,,,,,,,,,,,,,,,
,,,,,,78611,,,,,,,,,,,,,,,,,,,,,,,
,,,,,,78615,,,,,,,,,,,,,,,,,,,,,,,
,,,,,,78616,,,,,,,,,,,,,,,,,,,,,,,
,,,,,,78621,,,,,,,,,,,,,,,,,,,,,,,
,,,,,,78626,,,,,,,,,,,,,,,,,,,,,,,
,,,,,,78627,,,,,,,,,,,,,,,,,,,,,,,
,,,,,,78628,,,,,,,,,,,,,,,,,,,,,,,
,,,,,,78634,,,,,,,,,,,,,,,,,,,,,,,
,,,,,,78644,,,,,,,,,,,,,,,,,,,,,,,
,,,,,,78650,,,,,,,,,,,,,,,,,,,,,,,
,,,,,,78653,,,,,,,,,,,,,,,,,,,,,,,
,,,,,,78660,,,,,,,,,,,,,,,,,,,,,,,
,,,,,,78664,,,,,,,,,,,,,,,,,,,,,,,
,,,,,,78665,,,,,,,,,,,,,,,,,,,,,,,
,,,,,,78674,,,,,,,,,,,,,,,,,,,,,,,
,,,,,,78680,,,,,,,,,,,,,,,,,,,,,,,
,,,,,,78681,,,,,,,,,,,,,,,,,,,,,,,
,,,,,,78691,,,,,,,,,,,,,,,,,,,,,,,
,,,,,,78701,,,,,,,,,,,,,,,,,,,,,,,
,,,,,,78703,,,,,,,,,,,,,,,,,,,,,,,
,,,,,,78711,,,,,,,,,,,,,,,,,,,,,,,
,,,,,,78717,,,,,,,,,,,,,,,,,,,,,,,
,,,,,,78718,,,,,,,,,,,,,,,,,,,,,,,
,,,,,,78719,,,,,,,,,,,,,,,,,,,,,,,
,,,,,,78725,,,,,,,,,,,,,,,,,,,,,,,
,,,,,,78726,,,,,,,,,,,,,,,,,,,,,,,
,,,,,,78727,,,,,,,,,,,,,,,,,,,,,,,
,,,,,,78728,,,,,,,,,,,,,,,,,,,,,,,
,,,,,,78729,,,,,,,,,,,,,,,,,,,,,,,
,,,,,,78731,,,,,,,,,,,,,,,,,,,,,,,
,,,,,,78741,,,,,,,,,,,,,,,,,,,,,,,
,,,,,,78744,,,,,,,,,,,,,,,,,,,,,,,
,,,,,,78746,,,,,,,,,,,,,,,,,,,,,,,
,,,,,,78750,,,,,,,,,,,,,,,,,,,,,,,
,,,,,,78752,,,,,,,,,,,,,,,,,,,,,,,
,,,,,,78753,,,,,,,,,,,,,,,,,,,,,,,
,,,,,,78758,,,,,,,,,,,,,,,,,,,,,,,
,,,,,,78759,,,,,,,,,,,,,,,,,,,,,,,
,,,,,,78761,,,,,,,,,,,,,,,,,,,,,,,
,,,,,,78763,,,,,,,,,,,,,,,,,,,,,,,
,,,,,,78766,,,,,,,,,,,,,,,,,,,,,,,
,,,,,,78767,,,,,,,,,,,,,,,,,,,,,,,
,,,,,,79057,,,,,,,,,,,,,,,,,,,,,,,
,,,,,,79244,,,,,,,,,,,,,,,,,,,,,,,
,,,,,,79248,,,,,,,,,,,,,,,,,,,,,,,
,,,,,,79322,,,,,,,,,,,,,,,,,,,,,,,
,,,,,,79329,,,,,,,,,,,,,,,,,,,,,,,
,,,,,,79331,,,,,,,,,,,,,,,,,,,,,,,
,,,,,,79336,,,,,,,,,,,,,,,,,,,,,,,
,,,,,,79351,,,,,,,,,,,,,,,,,,,,,,,
,,,,,,79356,,,,,,,,,,,,,,,,,,,,,,,
,,,,,,79357,,,,,,,,,,,,,,,,,,,,,,,
,,,,,,79377,,,,,,,,,,,,,,,,,,,,,,,
,,,,,,79381,,,,,,,,,,,,,,,,,,,,,,,
,,,,,,79510,,,,,,,,,,,,,,,,,,,,,,,
,,,,,,79511,,,,,,,,,,,,,,,,,,,,,,,
,,,,,,79512,,,,,,,,,,,,,,,,,,,,,,,
,,,,,,79516,,,,,,,,,,,,,,,,,,,,,,,
,,,,,,79520,,,,,,,,,,,,,,,,,,,,,,,
,,,,,,79526,,,,,,,,,,,,,,,,,,,,,,,
,,,,,,79527,,,,,,,,,,,,,,,,,,,,,,,
,,,,,,79532,,,,,,,,,,,,,,,,,,,,,,,
,,,,,,79535,,,,,,,,,,,,,,,,,,,,,,,
,,,,,,79545,,,,,,,,,,,,,,,,,,,,,,,
,,,,,,79546,,,,,,,,,,,,,,,,,,,,,,,
,,,,,,79547,,,,,,,,,,,,,,,,,,,,,,,
,,,,,,79549,,,,,,,,,,,,,,,,,,,,,,,
,,,,,,79550,,,,,,,,,,,,,,,,,,,,,,,
,,,,,,79556,,,,,,,,,,,,,,,,,,,,,,,
,,,,,,79561,,,,,,,,,,,,,,,,,,,,,,,
,,,,,,79565,,,,,,,,,,,,,,,,,,,,,,,
,,,,,,79601,,,,,,,,,,,,,,,,,,,,,,,
,,,,,,79602,,,,,,,,,,,,,,,,,,,,,,,
,,,,,,79603,,,,,,,,,,,,,,,,,,,,,,,
,,,,,,79605,,,,,,,,,,,,,,,,,,,,,,,
,,,,,,79606,,,,,,,,,,,,,,,,,,,,,,,
,,,,,,79701,,,,,,,,,,,,,,,,,,,,,,,
,,,,,,79702,,,,,,,,,,,,,,,,,,,,,,,
,,,,,,79703,,,,,,,,,,,,,,,,,,,,,,,
,,,,,,79704,,,,,,,,,,,,,,,,,,,,,,,
,,,,,,79705,,,,,,,,,,,,,,,,,,,,,,,
,,,,,,79706,,,,,,,,,,,,,,,,,,,,,,,
,,,,,,79707,,,,,,,,,,,,,,,,,,,,,,,
,,,,,,79711,,,,,,,,,,,,,,,,,,,,,,,
,,,,,,79712,,,,,,,,,,,,,,,,,,,,,,,
,,,,,,79713,,,,,,,,,,,,,,,,,,,,,,,
,,,,,,79714,,,,,,,,,,,,,,,,,,,,,,,
,,,,,,79719,,,,,,,,,,,,,,,,,,,,,,,
,,,,,,79720,,,,,,,,,,,,,,,,,,,,,,,
,,,,,,79721,,,,,,,,,,,,,,,,,,,,,,,
,,,,,,79730,,,,,,,,,,,,,,,,,,,,,,,
,,,,,,79731,,,,,,,,,,,,,,,,,,,,,,,
,,,,,,79733,,,,,,,,,,,,,,,,,,,,,,,
,,,,,,79739,,,,,,,,,,,,,,,,,,,,,,,
,,,,,,79741,,,,,,,,,,,,,,,,,,,,,,,
,,,,,,79742,,,,,,,,,,,,,,,,,,,,,,,
,,,,,,79743,,,,,,,,,,,,,,,,,,,,,,,
,,,,,,79745,,,,,,,,,,,,,,,,,,,,,,,
,,,,,,79749,,,,,,,,,,,,,,,,,,,,,,,
,,,,,,79754,,,,,,,,,,,,,,,,,,,,,,,
,,,,,,79755,,,,,,,,,,,,,,,,,,,,,,,
,,,,,,79756,,,,,,,,,,,,,,,,,,,,,,,
,,,,,,79758,,,,,,,,,,,,,,,,,,,,,,,
,,,,,,79759,,,,,,,,,,,,,,,,,,,,,,,
,,,,,,79760,,,,,,,,,,,,,,,,,,,,,,,
,,,,,,79761,,,,,,,,,,,,,,,,,,,,,,,
,,,,,,79762,,,,,,,,,,,,,,,,,,,,,,,
,,,,,,79763,,,,,,,,,,,,,,,,,,,,,,,
,,,,,,79764,,,,,,,,,,,,,,,,,,,,,,,
,,,,,,79765,,,,,,,,,,,,,,,,,,,,,,,
,,,,,,79766,,,,,,,,,,,,,,,,,,,,,,,
,,,,,,79767,,,,,,,,,,,,,,,,,,,,,,,
,,,,,,79770,,,,,,,,,,,,,,,,,,,,,,,
,,,,,,79772,,,,,,,,,,,,,,,,,,,,,,,
,,,,,,79776,,,,,,,,,,,,,,,,,,,,,,,
,,,,,,79777,,,,,,,,,,,,,,,,,,,,,,,
,,,,,,79778,,,,,,,,,,,,,,,,,,,,,,,
,,,,,,79779,,,,,,,,,,,,,,,,,,,,,,,
,,,,,,79782,,,,,,,,,,,,,,,,,,,,,,,
,,,,,,79788,,,,,,,,,,,,,,,,,,,,,,,
,,,,,,79789,,,,,,,,,,,,,,,,,,,,,,,