countyname,fipscounty,neighborname,fipsneighbor,county,state,neighbor_county,neighbor_state,count,distance_(mi)
"Adams County, CO",8001,"Adams County, CO",8001,Adams County,CO,Adams County,CO,1,0.0
"Alamosa County, CO",8003,"Alamosa County, CO",8003,Alamosa County,CO,Alamosa County,CO,1,0.0
"Arapahoe County, CO",8005,"Arapahoe County, CO",8005,Arapahoe County,CO,Arapahoe County,CO,1,0.0
"Archuleta County, CO",8007,"Archuleta County, CO",8007,Archuleta County,CO,Archuleta County,CO,1,0.0
"Baca County, CO",8009,"Baca County, CO",8009,Baca County,CO,Baca County,CO,1,0.0
"Bent County, CO",8011,"Bent County, CO",8011,Bent County,CO,Bent County,CO,1,0.0
"Boulder County, CO",8013,"Boulder County, CO",8013,Boulder County,CO,Boulder County,CO,1,0.0
"Broomfield County, CO",8014,"Broomfield County, CO",8014,Broomfield County,CO,Broomfield County,CO,1,0.0
"Chaffee County, CO",8015,"Chaffee County, CO",8015,Chaffee County,CO,Chaffee County,CO,1,0.0
"Cheyenne County, CO",8017,"Cheyenne County, CO",8017,Cheyenne County,CO,Cheyenne County,CO,1,0.0
"Clear Creek County, CO",8019,"Clear Creek County, CO",8019,Clear Creek County,CO,Clear Creek County,CO,1,0.0
"Conejos County, CO",8021,"Conejos County, CO",8021,Conejos County,CO,Conejos County,CO,1,0.0
"Costilla County, CO",8023,"Costilla County, CO",8023,Costilla County,CO,Costilla County,CO,1,0.0
"Crowley County, CO",8025,"Crowley County, CO",8025,Crowley County,CO,Crowley County,CO,1,0.0
"Custer County, CO",8027,"Custer County, CO",8027,Custer County,CO,Custer County,CO,1,0.0
"Delta County, CO",8029,"Delta County, CO",8029,Delta County,CO,Delta County,CO,1,0.0
"Denver County, CO",8031,"Denver County, CO",8031,Denver County,CO,Denver County,CO,1,0.0
"Dolores County, CO",8033,"Dolores County, CO",8033,Dolores County,CO,Dolores County,CO,1,0.0
"Douglas County, CO",8035,"Douglas County, CO",8035,Douglas County,CO,Douglas County,CO,1,0.0
"Eagle County, CO",8037,"Eagle County, CO",8037,Eagle County,CO,Eagle County,CO,1,0.0
"Elbert County, CO",8039,"Elbert County, CO",8039,Elbert County,CO,Elbert County,CO,1,0.0
"El Paso County, CO",8041,"El Paso County, CO",8041,El Paso County,CO,El Paso County,CO,1,0.0
"Fremont County, CO",8043,"Fremont County, CO",8043,Fremont County,CO,Fremont County,CO,1,0.0
"Garfield County, CO",8045,"Garfield County, CO",8045,Garfield County,CO,Garfield County,CO,1,0.0
"Gilpin County, CO",8047,"Gilpin County, CO",8047,Gilpin County,CO,Gilpin County,CO,1,0.0
"Grand County, CO",8049,"Grand County, CO",8049,Grand County,CO,Grand County,CO,1,0.0
"Gunnison County, CO",8051,"Gunnison County, CO",8051,Gunnison County,CO,Gunnison County,CO,1,0.0
"Hinsdale County, CO",8053,"Hinsdale County, CO",8053,Hinsdale County,CO,Hinsdale County,CO,1,0.0
"Huerfano County, CO",8055,"Huerfano County, CO",8055,Huerfano County,CO,Huerfano County,CO,1,0.0
"Jackson County, CO",8057,"Jackson County, CO",8057,Jackson County,CO,Jackson County,CO,1,0.0
"Jefferson County, CO",8059,"Jefferson County, CO",8059,Jefferson County,CO,Jefferson County,CO,1,0.0
"Kiowa County, CO",8061,"Kiowa County, CO",8061,Kiowa County,CO,Kiowa County,CO,1,0.0
"Kit Carson County, CO",8063,"Kit Carson County, CO",8063,Kit Carson County,CO,Kit Carson County,CO,1,0.0
"Lake County, CO",8065,"Lake County, CO",8065,Lake County,CO,Lake County,CO,1,0.0
"La Plata County, CO",8067,"La Plata County, CO",8067,La Plata County,CO,La Plata County,CO,1,0.0
"Larimer County, CO",8069,"Larimer County, CO",8069,Larimer County,CO,Larimer County,CO,1,0.0
"Las Animas County, CO",8071,"Las Animas County, CO",8071,Las Animas County,CO,Las Animas County,CO,1,0.0
"Lincoln County, CO",8073,"Lincoln County, CO",8073,Lincoln County,CO,Lincoln County,CO,1,0.0
"Logan County, CO",8075,"Logan County, CO",8075,Logan County,CO,Logan County,CO,1,0.0
"Mesa County, CO",8077,"Mesa County, CO",8077,Mesa County,CO,Mesa County,CO,1,0.0
"Mineral County, CO",8079,"Mineral County, CO",8079,Mineral County,CO,Mineral County,CO,1,0.0
"Moffat County, CO",8081,"Moffat County, CO",8081,Moffat County,CO,Moffat County,CO,1,0.0
"Montezuma County, CO",8083,"Montezuma County, CO",8083,Montezuma County,CO,Montezuma County,CO,1,0.0
"Montrose County, CO",8085,"Montrose County, CO",8085,Montrose County,CO,Montrose County,CO,1,0.0
"Morgan County, CO",8087,"Morgan County, CO",8087,Morgan County,CO,Morgan County,CO,1,0.0
"Otero County, CO",8089,"Otero County, CO",8089,Otero County,CO,Otero County,CO,1,0.0
"Ouray County, CO",8091,"Ouray County, CO",8091,Ouray County,CO,Ouray County,CO,1,0.0
"Park County, CO",8093,"Park County, CO",8093,Park County,CO,Park County,CO,1,0.0
"Phillips County, CO",8095,"Phillips County, CO",8095,Phillips County,CO,Phillips County,CO,1,0.0
"Pitkin County, CO",8097,"Pitkin County, CO",8097,Pitkin County,CO,Pitkin County,CO,1,0.0
"Prowers County, CO",8099,"Prowers County, CO",8099,Prowers County,CO,Prowers County,CO,1,0.0
"Pueblo County, CO",8101,"Pueblo County, CO",8101,Pueblo County,CO,Pueblo County,CO,1,0.0
"Rio Blanco County, CO",8103,"Rio Blanco County, CO",8103,Rio Blanco County,CO,Rio Blanco County,CO,1,0.0
"Rio Grande County, CO",8105,"Rio Grande County, CO",8105,Rio Grande County,CO,Rio Grande County,CO,1,0.0
"Routt County, CO",8107,"Routt County, CO",8107,Routt County,CO,Routt County,CO,1,0.0
"Saguache County, CO",8109,"Saguache County, CO",8109,Saguache County,CO,Saguache County,CO,1,0.0
"San Juan County, CO",8111,"San Juan County, CO",8111,San Juan County,CO,San Juan County,CO,1,0.0
"San Miguel County, CO",8113,"San Miguel County, CO",8113,San Miguel County,CO,San Miguel County,CO,1,0.0
"Sedgwick County, CO",8115,"Sedgwick County, CO",8115,Sedgwick County,CO,Sedgwick County,CO,1,0.0
"Summit County, CO",8117,"Summit County, CO",8117,Summit County,CO,Summit County,CO,1,0.0
"Teller County, CO",8119,"Teller County, CO",8119,Teller County,CO,Teller County,CO,1,0.0
"Washington County, CO",8121,"Washington County, CO",8121,Washington County,CO,Washington County,CO,1,0.0
"Weld County, CO",8123,"Weld County, CO",8123,Weld County,CO,Weld County,CO,1,0.0
"Yuma County, CO",8125,"Yuma County, CO",8125,Yuma County,CO,Yuma County,CO,1,0.0
"Albany County, NY",36001,"Albany County, NY",36001,Albany County,NY,Albany County,NY,1,0.0
"Allegany County, NY",36003,"Allegany County, NY",36003,Allegany County,NY,Allegany County,NY,1,0.0
"Bronx County, NY",36005,"Bronx County, NY",36005,Bronx County,NY,Bronx County,NY,1,0.0
"Broome County, NY",36007,"Broome County, NY",36007,Broome County,NY,Broome County,NY,1,0.0
"Cattaraugus County, NY",36009,"Cattaraugus County, NY",36009,Cattaraugus County,NY,Cattaraugus County,NY,1,0.0
"Cayuga County, NY",36011,"Cayuga County, NY",36011,Cayuga County,NY,Cayuga County,NY,1,0.0
"Chautauqua County, NY",36013,"Chautauqua County, NY",36013,Chautauqua County,NY,Chautauqua County,NY,1,0.0
"Chemung County, NY",36015,"Chemung County, NY",36015,Chemung County,NY,Chemung County,NY,1,0.0
"Chenango County, NY",36017,"Chenango County, NY",36017,Chenango County,NY,Chenango County,NY,1,0.0
"Clinton County, NY",36019,"Clinton County, NY",36019,Clinton County,NY,Clinton County,NY,1,0.0
"Columbia County, NY",36021,"Columbia County, NY",36021,Columbia County,NY,Columbia County,NY,1,0.0
"Cortland County, NY",36023,"Cortland County, NY",36023,Cortland County,NY,Cortland County,NY,1,0.0
"Delaware County, NY",36025,"Delaware County, NY",36025,Delaware County,NY,Delaware County,NY,1,0.0
"Dutchess County, NY",36027,"Dutchess County, NY",36027,Dutchess County,NY,Dutchess County,NY,1,0.0
"Erie County, NY",36029,"Erie County, NY",36029,Erie County,NY,Erie County,NY,1,0.0
"Essex County, NY",36031,"Essex County, NY",36031,Essex County,NY,Essex County,NY,1,0.0
"Franklin County, NY",36033,"Franklin County, NY",36033,Franklin County,NY,Franklin County,NY,1,0.0
"Fulton County, NY",36035,"Fulton County, NY",36035,Fulton County,NY,Fulton County,NY,1,0.0
"Genesee County, NY",36037,"Genesee County, NY",36037,Genesee County,NY,Genesee County,NY,1,0.0
"Greene County, NY",36039,"Greene County, NY",36039,Greene County,NY,Greene County,NY,1,0.0
"Hamilton County, NY",36041,"Hamilton County, NY",36041,Hamilton County,NY,Hamilton County,NY,1,0.0
"Herkimer County, NY",36043,"Herkimer County, NY",36043,Herkimer County,NY,Herkimer County,NY,1,0.0
"Jefferson County, NY",36045,"Jefferson County, NY",36045,Jefferson County,NY,Jefferson County,NY,1,0.0
"Kings County, NY",36047,"Kings County, NY",36047,Kings County,NY,Kings County,NY,1,0.0
"Lewis County, NY",36049,"Lewis County, NY",36049,Lewis County,NY,Lewis County,NY,1,0.0
"Livingston County, NY",36051,"Livingston County, NY",36051,Livingston County,NY,Livingston County,NY,1,0.0
"Madison County, NY",36053,"Madison County, NY",36053,Madison County,NY,Madison County,NY,1,0.0
"Monroe County, NY",36055,"Monroe County, NY",36055,Monroe County,NY,Monroe County,NY,1,0.0
"Montgomery County, NY",36057,"Montgomery County, NY",36057,Montgomery County,NY,Montgomery County,NY,1,0.0
"Nassau County, NY",36059,"Nassau County, NY",36059,Nassau County,NY,Nassau County,NY,1,0.0
"New York County, NY",36061,"New York County, NY",36061,New York County,NY,New York County,NY,1,0.0
"Niagara County, NY",36063,"Niagara County, NY",36063,Niagara County,NY,Niagara County,NY,1,0.0
"Oneida County, NY",36065,"Oneida County, NY",36065,Oneida County,NY,Oneida County,NY,1,0.0
"Onondaga County, NY",36067,"Onondaga County, NY",36067,Onondaga County,NY,Onondaga County,NY,1,0.0
"Ontario County, NY",36069,"Ontario County, NY",36069,Ontario County,NY,Ontario County,NY,1,0.0
"Orange County, NY",36071,"Orange County, NY",36071,Orange County,NY,Orange County,NY,1,0.0
"Orleans County, NY",36073,"Orleans County, NY",36073,Orleans County,NY,Orleans County,NY,1,0.0
"Oswego County, NY",36075,"Oswego County, NY",36075,Oswego County,NY,Oswego County,NY,1,0.0
"Otsego County, NY",36077,"Otsego County, NY",36077,Otsego County,NY,Otsego County,NY,1,0.0
"Putnam County, NY",36079,"Putnam County, NY",36079,Putnam County,NY,Putnam County,NY,1,0.0
"Queens County, NY",36081,"Queens County, NY",36081,Queens County,NY,Queens County,NY,1,0.0
"Rensselaer County, NY",36083,"Rensselaer County, NY",36083,Rensselaer County,NY,Rensselaer County,NY,1,0.0
"Richmond County, NY",36085,"Richmond County, NY",36085,Richmond County,NY,Richmond County,NY,1,0.0
"Rockland County, NY",36087,"Rockland County, NY",36087,Rockland County,NY,Rockland County,NY,1,0.0
"St. Lawrence County, NY",36089,"St. Lawrence County, NY",36089,St. Lawrence County,NY,St. Lawrence County,NY,1,0.0
"Saratoga County, NY",36091,"Saratoga County, NY",36091,Saratoga County,NY,Saratoga County,NY,1,0.0
"Schenectady County, NY",36093,"Schenectady County, NY",36093,Schenectady County,NY,Schenectady County,NY,1,0.0
"Schoharie County, NY",36095,"Schoharie County, NY",36095,Schoharie County,NY,Schoharie County,NY,1,0.0
"Schuyler County, NY",36097,"Schuyler County, NY",36097,Schuyler County,NY,Schuyler County,NY,1,0.0
"Seneca County, NY",36099,"Seneca County, NY",36099,Seneca County,NY,Seneca County,NY,1,0.0
"Steuben County, NY",36101,"Steuben County, NY",36101,Steuben County,NY,Steuben County,NY,1,0.0
"Suffolk County, NY",36103,"Suffolk County, NY",36103,Suffolk County,NY,Suffolk County,NY,1,0.0
"Sullivan County, NY",36105,"Sullivan County, NY",36105,Sullivan County,NY,Sullivan County,NY,1,0.0
"Tioga County, NY",36107,"Tioga County, NY",36107,Tioga County,NY,Tioga County,NY,1,0.0
"Tompkins County, NY",36109,"Tompkins County, NY",36109,Tompkins County,NY,Tompkins County,NY,1,0.0
"Ulster County, NY",36111,"Ulster County, NY",36111,Ulster County,NY,Ulster County,NY,1,0.0
"Warren County, NY",36113,"Warren County, NY",36113,Warren County,NY,Warren County,NY,1,0.0
"Washington County, NY",36115,"Washington County, NY",36115,Washington County,NY,Washington County,NY,1,0.0
"Wayne County, NY",36117,"Wayne County, NY",36117,Wayne County,NY,Wayne County,NY,1,0.0
"Westchester County, NY",36119,"Westchester County, NY",36119,Westchester County,NY,Westchester County,NY,1,0.0
"Wyoming County, NY",36121,"Wyoming County, NY",36121,Wyoming County,NY,Wyoming County,NY,1,0.0
"Yates County, NY",36123,"Yates County, NY",36123,Yates County,NY,Yates County,NY,1,0.0
"Anderson County, TX",48001,"Anderson County, TX",48001,Anderson County,TX,Anderson County,TX,1,0.0
"Andrews County, TX",48003,"Andrews County, TX",48003,Andrews County,TX,Andrews County,TX,1,0.0
"Angelina County, TX",48005,"Angelina County, TX",48005,Angelina County,TX,Angelina County,TX,1,0.0
"Aransas County, TX",48007,"Aransas County, TX",48007,Aransas County,TX,Aransas County,TX,1,0.0
"Archer County, TX",48009,"Archer County, TX",48009,Archer County,TX,Archer County,TX,1,0.0
"Armstrong County, TX",48011,"Armstrong County, TX",48011,Armstrong County,TX,Armstrong County,TX,1,0.0
"Atascosa County, TX",48013,"Atascosa County, TX",48013,Atascosa County,TX,Atascosa County,TX,1,0.0
"Austin County, TX",48015,"Austin County, TX",48015,Austin County,TX,Austin County,TX,1,0.0
"Bailey County, TX",48017,"Bailey County, TX",48017,Bailey County,TX,Bailey County,TX,1,0.0
"Bandera County, TX",48019,"Bandera County, TX",48019,Bandera County,TX,Bandera County,TX,1,0.0
"Bastrop County, TX",48021,"Bastrop County, TX",48021,Bastrop County,TX,Bastrop County,TX,1,0.0
"Baylor County, TX",48023,"Baylor County, TX",48023,Baylor County,TX,Baylor County,TX,1,0.0
"Bee County, TX",48025,"Bee County, TX",48025,Bee County,TX,Bee County,TX,1,0.0
"Bell County, TX",48027,"Bell County, TX",48027,Bell County,TX,Bell County,TX,1,0.0
"Bexar County, TX",48029,"Bexar County, TX",48029,Bexar County,TX,Bexar County,TX,1,0.0
"Blanco County, TX",48031,"Blanco County, TX",48031,Blanco County,TX,Blanco County,TX,1,0.0
"Borden County, TX",48033,"Borden County, TX",48033,Borden County,TX,Borden County,TX,1,0.0
"Bosque County, TX",48035,"Bosque County, TX",48035,Bosque County,TX,Bosque County,TX,1,0.0
"Bowie County, TX",48037,"Bowie County, TX",48037,Bowie County,TX,Bowie County,TX,1,0.0
"Brazoria County, TX",48039,"Brazoria County, TX",48039,Brazoria County,TX,Brazoria County,TX,1,0.0
"Brazos County, TX",48041,"Brazos County, TX",48041,Brazos County,TX,Brazos County,TX,1,0.0
"Brewster County, TX",48043,"Brewster County, TX",48043,Brewster County,TX,Brewster County,TX,1,0.0
"Briscoe County, TX",48045,"Briscoe County, TX",48045,Briscoe County,TX,Briscoe County,TX,1,0.0
"Brooks County, TX",48047,"Brooks County, TX",48047,Brooks County,TX,Brooks County,TX,1,0.0
"Brown County, TX",48049,"Brown County, TX",48049,Brown County,TX,Brown County,TX,1,0.0
"Burleson County, TX",48051,"Burleson County, TX",48051,Burleson County,TX,Burleson County,TX,1,0.0
"Burnet County, TX",48053,"Burnet County, TX",48053,Burnet County,TX,Burnet County,TX,1,0.0
"Caldwell County, TX",48055,"Caldwell County, TX",48055,Caldwell County,TX,Caldwell County,TX,1,0.0
"Calhoun County, TX",48057,"Calhoun County, TX",48057,Calhoun County,TX,Calhoun County,TX,1,0.0
"Callahan County, TX",48059,"Callahan County, TX",48059,Callahan County,TX,Callahan County,TX,1,0.0
"Cameron County, TX",48061,"Cameron County, TX",48061,Cameron County,TX,Cameron County,TX,1,0.0
"Camp County, TX",48063,"Camp County, TX",48063,Camp County,TX,Camp County,TX,1,0.0
"Carson County, TX",48065,"Carson County, TX",48065,Carson County,TX,Carson County,TX,1,0.0
"Cass County, TX",48067,"Cass County, TX",48067,Cass County,TX,Cass County,TX,1,0.0
"Castro County, TX",48069,"Castro County, TX",48069,Castro County,TX,Castro County,TX,1,0.0
"Chambers County, TX",48071,"Chambers County, TX",48071,Chambers County,TX,Chambers County,TX,1,0.0
"Cherokee County, TX",48073,"Cherokee County, TX",48073,Cherokee County,TX,Cherokee County,TX,1,0.0
"Childress County, TX",48075,"Childress County, TX",48075,Childress County,TX,Childress County,TX,1,0.0
"Clay County, TX",48077,"Clay County, TX",48077,Clay County,TX,Clay County,TX,1,0.0
"Cochran County, TX",48079,"Cochran County, TX",48079,Cochran County,TX,Cochran County,TX,1,0.0
"Coke County, TX",48081,"Coke County, TX",48081,Coke County,TX,Coke County,TX,1,0.0
"Coleman County, TX",48083,"Coleman County, TX",48083,Coleman County,TX,Coleman County,TX,1,0.0
"Collin County, TX",48085,"Collin County, TX",48085,Collin County,TX,Collin County,TX,1,0.0
"Collingsworth County, TX",48087,"Collingsworth County, TX",48087,Collingsworth County,TX,Collingsworth County,TX,1,0.0
"Colorado County, TX",48089,"Colorado County, TX",48089,Colorado County,TX,Colorado County,TX,1,0.0
"Comal County, TX",48091,"Comal County, TX",48091,Comal County,TX,Comal County,TX,1,0.0
"Comanche County, TX",48093,"Comanche County, TX",48093,Comanche County,TX,Comanche County,TX,1,0.0
"Concho County, TX",48095,"Concho County, TX",48095,Concho County,TX,Concho County,TX,1,0.0
"Cooke County, TX",48097,"Cooke County, TX",48097,Cooke County,TX,Cooke County,TX,1,0.0
"Coryell County, TX",48099,"Coryell County, TX",48099,Coryell County,TX,Coryell County,TX,1,0.0
"Cottle County, TX",48101,"Cottle County, TX",48101,Cottle County,TX,Cottle County,TX,1,0.0
"Crane County, TX",48103,"Crane County, TX",48103,Crane County,TX,Crane County,TX,1,0.0
"Crockett County, TX",48105,"Crockett County, TX",48105,Crockett County,TX,Crockett County,TX,1,0.0
"Crosby County, TX",48107,"Crosby County, TX",48107,Crosby County,TX,Crosby County,TX,1,0.0
"Culberson County, TX",48109,"Culberson County, TX",48109,Culberson County,TX,Culberson County,TX,1,0.0
"Dallam County, TX",48111,"Dallam County, TX",48111,Dallam County,TX,Dallam County,TX,1,0.0
"Dallas County, TX",48113,"Dallas County, TX",48113,Dallas County,TX,Dallas County,TX,1,0.0
"Dawson County, TX",48115,"Dawson County, TX",48115,Dawson County,TX,Dawson County,TX,1,0.0
"Deaf Smith County, TX",48117,"Deaf Smith County, TX",48117,Deaf Smith County,TX,Deaf Smith County,TX,1,0.0
"Delta County, TX",48119,"Delta County, TX",48119,Delta County,TX,Delta County,TX,1,0.0
"Denton County, TX",48121,"Denton County, TX",48121,Denton County,TX,Denton County,TX,1,0.0
"DeWitt County, TX",48123,"DeWitt County, TX",48123,DeWitt County,TX,DeWitt County,TX,1,0.0
"Dickens County, TX",48125,"Dickens County, TX",48125,Dickens County,TX,Dickens County,TX,1,0.0
"Dimmit County, TX",48127,"Dimmit County, TX",48127,Dimmit County,TX,Dimmit County,TX,1,0.0
"Donley County, TX",48129,"Donley County, TX",48129,Donley County,TX,Donley County,TX,1,0.0
"Duval County, TX",48131,"Duval County, TX",48131,Duval County,TX,Duval County,TX,1,0.0
"Eastland County, TX",48133,"Eastland County, TX",48133,Eastland County,TX,Eastland County,TX,1,0.0
"Ector County, TX",48135,"Ector County, TX",48135,Ector County,TX,Ector County,TX,1,0.0
"Edwards County, TX",48137,"Edwards County, TX",48137,Edwards County,TX,Edwards County,TX,1,0.0
"Ellis County, TX",48139,"Ellis County, TX",48139,Ellis County,TX,Ellis County,TX,1,0.0
"El Paso County, TX",48141,"Do±a Ana County, NM",35013,El Paso County,TX,Do±a Ana County,NM,1,0.0
"El Paso County, TX",48141,"El Paso County, TX",48141,El Paso County,TX,El Paso County,TX,1,0.0
"Erath County, TX",48143,"Erath County, TX",48143,Erath County,TX,Erath County,TX,1,0.0
"Falls County, TX",48145,"Falls County, TX",48145,Falls County,TX,Falls County,TX,1,0.0
"Fannin County, TX",48147,"Fannin County, TX",48147,Fannin County,TX,Fannin County,TX,1,0.0
"Fayette County, TX",48149,"Fayette County, TX",48149,Fayette County,TX,Fayette County,TX,1,0.0
"Fisher County, TX",48151,"Fisher County, TX",48151,Fisher County,TX,Fisher County,TX,1,0.0
"Floyd County, TX",48153,"Floyd County, TX",48153,Floyd County,TX,Floyd County,TX,1,0.0
"Foard County, TX",48155,"Foard County, TX",48155,Foard County,TX,Foard County,TX,1,0.0
"Fort Bend County, TX",48157,"Fort Bend County, TX",48157,Fort Bend County,TX,Fort Bend County,TX,1,0.0
"Franklin County, TX",48159,"Franklin County, TX",48159,Franklin County,TX,Franklin County,TX,1,0.0
"Freestone County, TX",48161,"Freestone County, TX",48161,Freestone County,TX,Freestone County,TX,1,0.0
"Frio County, TX",48163,"Frio County, TX",48163,Frio County,TX,Frio County,TX,1,0.0
"Gaines County, TX",48165,"Gaines County, TX",48165,Gaines County,TX,Gaines County,TX,1,0.0
"Galveston County, TX",48167,"Galveston County, TX",48167,Galveston County,TX,Galveston County,TX,1,0.0
"Garza County, TX",48169,"Garza County, TX",48169,Garza County,TX,Garza County,TX,1,0.0
"Gillespie County, TX",48171,"Gillespie County, TX",48171,Gillespie County,TX,Gillespie County,TX,1,0.0
"Glasscock County, TX",48173,"Glasscock County, TX",48173,Glasscock County,TX,Glasscock County,TX,1,0.0
"Goliad County, TX",48175,"Goliad County, TX",48175,Goliad County,TX,Goliad County,TX,1,0.0
"Gonzales County, TX",48177,"Gonzales County, TX",48177,Gonzales County,TX,Gonzales County,TX,1,0.0
"Gray County, TX",48179,"Gray County, TX",48179,Gray County,TX,Gray County,TX,1,0.0
"Grayson County, TX",48181,"Grayson County, TX",48181,Grayson County,TX,Grayson County,TX,1,0.0
"Gregg County, TX",48183,"Gregg County, TX",48183,Gregg County,TX,Gregg County,TX,1,0.0
"Grimes County, TX",48185,"Grimes County, TX",48185,Grimes County,TX,Grimes County,TX,1,0.0
"Guadalupe County, TX",48187,"Guadalupe County, TX",48187,Guadalupe County,TX,Guadalupe County,TX,1,0.0
"Hale County, TX",48189,"Hale County, TX",48189,Hale County,TX,Hale County,TX,1,0.0
"Hall County, TX",48191,"Hall County, TX",48191,Hall County,TX,Hall County,TX,1,0.0
"Hamilton County, TX",48193,"Hamilton County, TX",48193,Hamilton County,TX,Hamilton County,TX,1,0.0
"Hansford County, TX",48195,"Hansford County, TX",48195,Hansford County,TX,Hansford County,TX,1,0.0
"Hardeman County, TX",48197,"Hardeman County, TX",48197,Hardeman County,TX,Hardeman County,TX,1,0.0
"Hardin County, TX",48199,"Hardin County, TX",48199,Hardin County,TX,Hardin County,TX,1,0.0
"Harris County, TX",48201,"Harris County, TX",48201,Harris County,TX,Harris County,TX,1,0.0
"Harrison County, TX",48203,"Harrison County, TX",48203,Harrison County,TX,Harrison County,TX,1,0.0
"Hartley County, TX",48205,"Hartley County, TX",48205,Hartley County,TX,Hartley County,TX,1,0.0
"Haskell County, TX",48207,"Haskell County, TX",48207,Haskell County,TX,Haskell County,TX,1,0.0
"Hays County, TX",48209,"Hays County, TX",48209,Hays County,TX,Hays County,TX,1,0.0
"Hemphill County, TX",48211,"Hemphill County, TX",48211,Hemphill County,TX,Hemphill County,TX,1,0.0
"Henderson County, TX",48213,"Henderson County, TX",48213,Henderson County,TX,Henderson County,TX,1,0.0
"Hidalgo County, TX",48215,"Hidalgo County, TX",48215,Hidalgo County,TX,Hidalgo County,TX,1,0.0
"Hill County, TX",48217,"Hill County, TX",48217,Hill County,TX,Hill County,TX,1,0.0
"Hockley County, TX",48219,"Hockley County, TX",48219,Hockley County,TX,Hockley County,TX,1,0.0
"Hood County, TX",48221,"Hood County, TX",48221,Hood County,TX,Hood County,TX,1,0.0
"Hopkins County, TX",48223,"Hopkins County, TX",48223,Hopkins County,TX,Hopkins County,TX,1,0.0
"Houston County, TX",48225,"Houston County, TX",48225,Houston County,TX,Houston County,TX,1,0.0
"Howard County, TX",48227,"Howard County, TX",48227,Howard County,TX,Howard County,TX,1,0.0
"Hudspeth County, TX",48229,"Hudspeth County, TX",48229,Hudspeth County,TX,Hudspeth County,TX,1,0.0
"Hunt County, TX",48231,"Hunt County, TX",48231,Hunt County,TX,Hunt County,TX,1,0.0
"Hutchinson County, TX",48233,"Hutchinson County, TX",48233,Hutchinson County,TX,Hutchinson County,TX,1,0.0
"Irion County, TX",48235,"Irion County, TX",48235,Irion County,TX,Irion County,TX,1,0.0
"Jack County, TX",48237,"Jack County, TX",48237,Jack County,TX,Jack County,TX,1,0.0
"Jackson County, TX",48239,"Jackson County, TX",48239,Jackson County,TX,Jackson County,TX,1,0.0
"Jasper County, TX",48241,"Jasper County, TX",48241,Jasper County,TX,Jasper County,TX,1,0.0
"Jeff Davis County, TX",48243,"Jeff Davis County, TX",48243,Jeff Davis County,TX,Jeff Davis County,TX,1,0.0
"Jefferson County, TX",48245,"Jefferson County, TX",48245,Jefferson County,TX,Jefferson County,TX,1,0.0
"Jim Hogg County, TX",48247,"Jim Hogg County, TX",48247,Jim Hogg County,TX,Jim Hogg County,TX,1,0.0
"Jim Wells County, TX",48249,"Jim Wells County, TX",48249,Jim Wells County,TX,Jim Wells County,TX,1,0.0
"Johnson County, TX",48251,"Johnson County, TX",48251,Johnson County,TX,Johnson County,TX,1,0.0
"Jones County, TX",48253,"Jones County, TX",48253,Jones County,TX,Jones County,TX,1,0.0
"Karnes County, TX",48255,"Karnes County, TX",48255,Karnes County,TX,Karnes County,TX,1,0.0
"Kaufman County, TX",48257,"Kaufman County, TX",48257,Kaufman County,TX,Kaufman County,TX,1,0.0
"Kendall County, TX",48259,"Kendall County, TX",48259,Kendall County,TX,Kendall County,TX,1,0.0
"Kenedy County, TX",48261,"Kenedy County, TX",48261,Kenedy County,TX,Kenedy County,TX,1,0.0
"Kent County, TX",48263,"Kent County, TX",48263,Kent County,TX,Kent County,TX,1,0.0
"Kerr County, TX",48265,"Kerr County, TX",48265,Kerr County,TX,Kerr County,TX,1,0.0
"Kimble County, TX",48267,"Kimble County, TX",48267,Kimble County,TX,Kimble County,TX,1,0.0
"King County, TX",48269,"King County, TX",48269,King County,TX,King County,TX,1,0.0
"Kinney County, TX",48271,"Kinney County, TX",48271,Kinney County,TX,Kinney County,TX,1,0.0
"Kleberg County, TX",48273,"Kleberg County, TX",48273,Kleberg County,TX,Kleberg County,TX,1,0.0
"Knox County, TX",48275,"Knox County, TX",48275,Knox County,TX,Knox County,TX,1,0.0
"Lamar County, TX",48277,"Lamar County, TX",48277,Lamar County,TX,Lamar County,TX,1,0.0
"Lamb County, TX",48279,"Lamb County, TX",48279,Lamb County,TX,Lamb County,TX,1,0.0
"Lampasas County, TX",48281,"Lampasas County, TX",48281,Lampasas County,TX,Lampasas County,TX,1,0.0
"La Salle County, TX",48283,"La Salle County, TX",48283,La Salle County,TX,La Salle County,TX,1,0.0
"Lavaca County, TX",48285,"Lavaca County, TX",48285,Lavaca County,TX,Lavaca County,TX,1,0.0
"Lee County, TX",48287,"Lee County, TX",48287,Lee County,TX,Lee County,TX,1,0.0
"Leon County, TX",48289,"Leon County, TX",48289,Leon County,TX,Leon County,TX,1,0.0
"Liberty County, TX",48291,"Liberty County, TX",48291,Liberty County,TX,Liberty County,TX,1,0.0
"Limestone County, TX",48293,"Limestone County, TX",48293,Limestone County,TX,Limestone County,TX,1,0.0
"Lipscomb County, TX",48295,"Lipscomb County, TX",48295,Lipscomb County,TX,Lipscomb County,TX,1,0.0
"Live Oak County, TX",48297,"Live Oak County, TX",48297,Live Oak County,TX,Live Oak County,TX,1,0.0
"Llano County, TX",48299,"Llano County, TX",48299,Llano County,TX,Llano County,TX,1,0.0
"Loving County, TX",48301,"Loving County, TX",48301,Loving County,TX,Loving County,TX,1,0.0
"Lubbock County, TX",48303,"Lubbock County, TX",48303,Lubbock County,TX,Lubbock County,TX,1,0.0
"Lynn County, TX",48305,"Lynn County, TX",48305,Lynn County,TX,Lynn County,TX,1,0.0
"McCulloch County, TX",48307,"McCulloch County, TX",48307,McCulloch County,TX,McCulloch County,TX,1,0.0
"McLennan County, TX",48309,"McLennan County, TX",48309,McLennan County,TX,McLennan County,TX,1,0.0
"McMullen County, TX",48311,"McMullen County, TX",48311,McMullen County,TX,McMullen County,TX,1,0.0
"Madison County, TX",48313,"Madison County, TX",48313,Madison County,TX,Madison County,TX,1,0.0
"Marion County, TX",48315,"Marion County, TX",48315,Marion County,TX,Marion County,TX,1,0.0
"Martin County, TX",48317,"Martin County, TX",48317,Martin County,TX,Martin County,TX,1,0.0
"Mason County, TX",48319,"Mason County, TX",48319,Mason County,TX,Mason County,TX,1,0.0
"Matagorda County, TX",48321,"Matagorda County, TX",48321,Matagorda County,TX,Matagorda County,TX,1,0.0
"Maverick County, TX",48323,"Maverick County, TX",48323,Maverick County,TX,Maverick County,TX,1,0.0
"Medina County, TX",48325,"Medina County, TX",48325,Medina County,TX,Medina County,TX,1,0.0
"Menard County, TX",48327,"Menard County, TX",48327,Menard County,TX,Menard County,TX,1,0.0
"Midland County, TX",48329,"Midland County, TX",48329,Midland County,TX,Midland County,TX,1,0.0
"Milam County, TX",48331,"Milam County, TX",48331,Milam County,TX,Milam County,TX,1,0.0
"Mills County, TX",48333,"Mills County, TX",48333,Mills County,TX,Mills County,TX,1,0.0
"Mitchell County, TX",48335,"Mitchell County, TX",48335,Mitchell County,TX,Mitchell County,TX,1,0.0
"Montague County, TX",48337,"Montague County, TX",48337,Montague County,TX,Montague County,TX,1,0.0
"Montgomery County, TX",48339,"Montgomery County, TX",48339,Montgomery County,TX,Montgomery County,TX,1,0.0
"Moore County, TX",48341,"Moore County, TX",48341,Moore County,TX,Moore County,TX,1,0.0
"Morris County, TX",48343,"Morris County, TX",48343,Morris County,TX,Morris County,TX,1,0.0
"Motley County, TX",48345,"Motley County, TX",48345,Motley County,TX,Motley County,TX,1,0.0
"Nacogdoches County, TX",48347,"Nacogdoches County, TX",48347,Nacogdoches County,TX,Nacogdoches County,TX,1,0.0
"Navarro County, TX",48349,"Navarro County, TX",48349,Navarro County,TX,Navarro County,TX,1,0.0
"Newton County, TX",48351,"Newton County, TX",48351,Newton County,TX,Newton County,TX,1,0.0
"Nolan County, TX",48353,"Nolan County, TX",48353,Nolan County,TX,Nolan County,TX,1,0.0
"Nueces County, TX",48355,"Nueces County, TX",48355,Nueces County,TX,Nueces County,TX,1,0.0
"Ochiltree County, TX",48357,"Ochiltree County, TX",48357,Ochiltree County,TX,Ochiltree County,TX,1,0.0
"Oldham County, TX",48359,"Oldham County, TX",48359,Oldham County,TX,Oldham County,TX,1,0.0
"Orange County, TX",48361,"Orange County, TX",48361,Orange County,TX,Orange County,TX,1,0.0
"Palo Pinto County, TX",48363,"Palo Pinto County, TX",48363,Palo Pinto County,TX,Palo Pinto County,TX,1,0.0
"Panola County, TX",48365,"Panola County, TX",48365,Panola County,TX,Panola County,TX,1,0.0
"Parker County, TX",48367,"Parker County, TX",48367,Parker County,TX,Parker County,TX,1,0.0
"Parmer County, TX",48369,"Parmer County, TX",48369,Parmer County,TX,Parmer County,TX,1,0.0
"Pecos County, TX",48371,"Pecos County, TX",48371,Pecos County,TX,Pecos County,TX,1,0.0
"Polk County, TX",48373,"Polk County, TX",48373,Polk County,TX,Polk County,TX,1,0.0
"Potter County, TX",48375,"Potter County, TX",48375,Potter County,TX,Potter County,TX,1,0.0
"Presidio County, TX",48377,"Presidio County, TX",48377,Presidio County,TX,Presidio County,TX,1,0.0
"Rains County, TX",48379,"Rains County, TX",48379,Rains County,TX,Rains County,TX,1,0.0
"Randall County, TX",48381,"Randall County, TX",48381,Randall County,TX,Randall County,TX,1,0.0
"Reagan County, TX",48383,"Reagan County, TX",48383,Reagan County,TX,Reagan County,TX,1,0.0
"Real County, TX",48385,"Real County, TX",48385,Real County,TX,Real County,TX,1,0.0
"Red River County, TX",48387,"Red River County, TX",48387,Red River County,TX,Red River County,TX,1,0.0
"Reeves County, TX",48389,"Reeves County, TX",48389,Reeves County,TX,Reeves County,TX,1,0.0
"Refugio County, TX",48391,"Refugio County, TX",48391,Refugio County,TX,Refugio County,TX,1,0.0
"Roberts County, TX",48393,"Roberts County, TX",48393,Roberts County,TX,Roberts County,TX,1,0.0
"Robertson County, TX",48395,"Robertson County, TX",48395,Robertson County,TX,Robertson County,TX,1,0.0
"Rockwall County, TX",48397,"Rockwall County, TX",48397,Rockwall County,TX,Rockwall County,TX,1,0.0
"Runnels County, TX",48399,"Runnels County, TX",48399,Runnels County,TX,Runnels County,TX,1,0.0
"Rusk County, TX",48401,"Rusk County, TX",48401,Rusk County,TX,Rusk County,TX,1,0.0
"Sabine County, TX",48403,"Sabine County, TX",48403,Sabine County,TX,Sabine County,TX,1,0.0
"San Augustine County, TX",48405,"San Augustine County, TX",48405,San Augustine County,TX,San Augustine County,TX,1,0.0
"San Jacinto County, TX",48407,"San Jacinto County, TX",48407,San Jacinto County,TX,San Jacinto County,TX,1,0.0
"San Patricio County, TX",48409,"San Patricio County, TX",48409,San Patricio County,TX,San Patricio County,TX,1,0.0
"San Saba County, TX",48411,"San Saba County, TX",48411,San Saba County,TX,San Saba County,TX,1,0.0
"Schleicher County, TX",48413,"Schleicher County, TX",48413,Schleicher County,TX,Schleicher County,TX,1,0.0
"Scurry County, TX",48415,"Scurry County, TX",48415,Scurry County,TX,Scurry County,TX,1,0.0
"Shackelford County, TX",48417,"Shackelford County, TX",48417,Shackelford County,TX,Shackelford County,TX,1,0.0
"Shelby County, TX",48419,"Shelby County, TX",48419,Shelby County,TX,Shelby County,TX,1,0.0
"Sherman County, TX",48421,"Sherman County, TX",48421,Sherman County,TX,Sherman County,TX,1,0.0
"Smith County, TX",48423,"Smith County, TX",48423,Smith County,TX,Smith County,TX,1,0.0
"Somervell County, TX",48425,"Somervell County, TX",48425,Somervell County,TX,Somervell County,TX,1,0.0
"Starr County, TX",48427,"Starr County, TX",48427,Starr County,TX,Starr County,TX,1,0.0
"Stephens County, TX",48429,"Stephens County, TX",48429,Stephens County,TX,Stephens County,TX,1,0.0
"Sterling County, TX",48431,"Sterling County, TX",48431,Sterling County,TX,Sterling County,TX,1,0.0
"Stonewall County, TX",48433,"Stonewall County, TX",48433,Stonewall County,TX,Stonewall County,TX,1,0.0
"Sutton County, TX",48435,"Sutton County, TX",48435,Sutton County,TX,Sutton County,TX,1,0.0
"Swisher County, TX",48437,"Swisher County, TX",48437,Swisher County,TX,Swisher County,TX,1,0.0
"Tarrant County, TX",48439,"Tarrant County, TX",48439,Tarrant County,TX,Tarrant County,TX,1,0.0
"Taylor County, TX",48441,"Taylor County, TX",48441,Taylor County,TX,Taylor County,TX,1,0.0
"Terrell County, TX",48443,"Terrell County, TX",48443,Terrell County,TX,Terrell County,TX,1,0.0
"Terry County, TX",48445,"Terry County, TX",48445,Terry County,TX,Terry County,TX,1,0.0
"Throckmorton County, TX",48447,"Throckmorton County, TX",48447,Throckmorton County,TX,Throckmorton County,TX,1,0.0
"Titus County, TX",48449,"Titus County, TX",48449,Titus County,TX,Titus County,TX,1,0.0
"Tom Green County, TX",48451,"Tom Green County, TX",48451,Tom Green County,TX,Tom Green County,TX,1,0.0
"Travis County, TX",48453,"Travis County, TX",48453,Travis County,TX,Travis County,TX,1,0.0
"Trinity County, TX",48455,"Trinity County, TX",48455,Trinity County,TX,Trinity County,TX,1,0.0
"Tyler County, TX",48457,"Tyler County, TX",48457,Tyler County,TX,Tyler County,TX,1,0.0
"Upshur County, TX",48459,"Upshur County, TX",48459,Upshur County,TX,Upshur County,TX,1,0.0
"Upton County, TX",48461,"Upton County, TX",48461,Upton County,TX,Upton County,TX,1,0.0
"Uvalde County, TX",48463,"Uvalde County, TX",48463,Uvalde County,TX,Uvalde County,TX,1,0.0
"Val Verde County, TX",48465,"Val Verde County, TX",48465,Val Verde County,TX,Val Verde County,TX,1,0.0
"Van Zandt County, TX",48467,"Van Zandt County, TX",48467,Van Zandt County,TX,Van Zandt County,TX,1,0.0
"Victoria County, TX",48469,"Victoria County, TX",48469,Victoria County,TX,Victoria County,TX,1,0.0
"Walker County, TX",48471,"Walker County, TX",48471,Walker County,TX,Walker County,TX,1,0.0
"Waller County, TX",48473,"Waller County, TX",48473,Waller County,TX,Waller County,TX,1,0.0
"Ward County, TX",48475,"Ward County, TX",48475,Ward County,TX,Ward County,TX,1,0.0
"Washington County, TX",48477,"Washington County, TX",48477,Washington County,TX,Washington County,TX,1,0.0
"Webb County, TX",48479,"Webb County, TX",48479,Webb County,TX,Webb County,TX,1,0.0
"Wharton County, TX",48481,"Wharton County, TX",48481,Wharton County,TX,Wharton County,TX,1,0.0
"Wheeler County, TX",48483,"Wheeler County, TX",48483,Wheeler County,TX,Wheeler County,TX,1,0.0
"Wichita County, TX",48485,"Wichita County, TX",48485,Wichita County,TX,Wichita County,TX,1,0.0
"Wilbarger County, TX",48487,"Wilbarger County, TX",48487,Wilbarger County,TX,Wilbarger County,TX,1,0.0
"Willacy County, TX",48489,"Willacy County, TX",48489,Willacy County,TX,Willacy County,TX,1,0.0
"Williamson County, TX",48491,"Williamson County, TX",48491,Williamson County,TX,Williamson County,TX,1,0.0
"Wilson County, TX",48493,"Wilson County, TX",48493,Wilson County,TX,Wilson County,TX,1,0.0
"Winkler County, TX",48495,"Winkler County, TX",48495,Winkler County,TX,Winkler County,TX,1,0.0
"Wise County, TX",48497,"Wise County, TX",48497,Wise County,TX,Wise County,TX,1,0.0
"Wood County, TX",48499,"Wood County, TX",48499,Wood County,TX,Wood County,TX,1,0.0
"Yoakum County, TX",48501,"Yoakum County, TX",48501,Yoakum County,TX,Yoakum County,TX,1,0.0
"Young County, TX",48503,"Young County, TX",48503,Young County,TX,Young County,TX,1,0.0
"Zapata County, TX",48505,"Zapata County, TX",48505,Zapata County,TX,Zapata County,TX,1,0.0
"Zavala County, TX",48507,"Zavala County, TX",48507,Zavala County,TX,Zavala County,TX,1,0.0
"Adams County, WA",53001,"Adams County, WA",53001,Adams County,WA,Adams County,WA,1,0.0
"Asotin County, WA",53003,"Asotin County, WA",53003,Asotin County,WA,Asotin County,WA,1,0.0
"Benton County, WA",53005,"Benton County, WA",53005,Benton County,WA,Benton County,WA,1,0.0
"Chelan County, WA",53007,"Chelan County, WA",53007,Chelan County,WA,Chelan County,WA,1,0.0
"Clallam County, WA",53009,"Clallam County, WA",53009,Clallam County,WA,Clallam County,WA,1,0.0
"Clark County, WA",53011,"Clark County, WA",53011,Clark County,WA,Clark County,WA,1,0.0
"Columbia County, WA",53013,"Columbia County, WA",53013,Columbia County,WA,Columbia County,WA,1,0.0
"Cowlitz County, WA",53015,"Cowlitz County, WA",53015,Cowlitz County,WA,Cowlitz County,WA,1,0.0
"Douglas County, WA",53017,"Douglas County, WA",53017,Douglas County,WA,Douglas County,WA,1,0.0
"Ferry County, WA",53019,"Ferry County, WA",53019,Ferry County,WA,Ferry County,WA,1,0.0
"Franklin County, WA",53021,"Franklin County, WA",53021,Franklin County,WA,Franklin County,WA,1,0.0
"Garfield County, WA",53023,"Garfield County, WA",53023,Garfield County,WA,Garfield County,WA,1,0.0
"Grant County, WA",53025,"Grant County, WA",53025,Grant County,WA,Grant County,WA,1,0.0
"Grays Harbor County, WA",53027,"Grays Harbor County, WA",53027,Grays Harbor County,WA,Grays Harbor County,WA,1,0.0
"Island County, WA",53029,"Island County, WA",53029,Island County,WA,Island County,WA,1,0.0
"Jefferson County, WA",53031,"Jefferson County, WA",53031,Jefferson County,WA,Jefferson County,WA,1,0.0
"King County, WA",53033,"King County, WA",53033,King County,WA,King County,WA,1,0.0
"Kitsap County, WA",53035,"Kitsap County, WA",53035,Kitsap County,WA,Kitsap County,WA,1,0.0
"Kittitas County, WA",53037,"Kittitas County, WA",53037,Kittitas County,WA,Kittitas County,WA,1,0.0
"Klickitat County, WA",53039,"Klickitat County, WA",53039,Klickitat County,WA,Klickitat County,WA,1,0.0
"Lewis County, WA",53041,"Lewis County, WA",53041,Lewis County,WA,Lewis County,WA,1,0.0
"Lincoln County, WA",53043,"Lincoln County, WA",53043,Lincoln County,WA,Lincoln County,WA,1,0.0
"Mason County, WA",53045,"Mason County, WA",53045,Mason County,WA,Mason County,WA,1,0.0
"Okanogan County, WA",53047,"Okanogan County, WA",53047,Okanogan County,WA,Okanogan County,WA,1,0.0
"Pacific County, WA",53049,"Pacific County, WA",53049,Pacific County,WA,Pacific County,WA,1,0.0
"Pend Oreille County, WA",53051,"Pend Oreille County, WA",53051,Pend Oreille County,WA,Pend Oreille County,WA,1,0.0
"Pierce County, WA",53053,"Pierce County, WA",53053,Pierce County,WA,Pierce County,WA,1,0.0
"San Juan County, WA",53055,"San Juan County, WA",53055,San Juan County,WA,San Juan County,WA,1,0.0
"Skagit County, WA",53057,"Skagit County, WA",53057,Skagit County,WA,Skagit County,WA,1,0.0
"Skamania County, WA",53059,"Skamania County, WA",53059,Skamania County,WA,Skamania County,WA,1,0.0
"Snohomish County, WA",53061,"Snohomish County, WA",53061,Snohomish County,WA,Snohomish County,WA,1,0.0
"Spokane County, WA",53063,"Spokane County, WA",53063,Spokane County,WA,Spokane County,WA,1,0.0
"Stevens County, WA",53065,"Stevens County, WA",53065,Stevens County,WA,Stevens County,WA,1,0.0
"Thurston County, WA",53067,"Thurston County, WA",53067,Thurston County,WA,Thurston County,WA,1,0.0
"Wahkiakum County, WA",53069,"Wahkiakum County, WA",53069,Wahkiakum County,WA,Wahkiakum County,WA,1,0.0
"Walla Walla County, WA",53071,"Walla Walla County, WA",53071,Walla Walla County,WA,Walla Walla County,WA,1,0.0
"Whatcom County, WA",53073,"Whatcom County, WA",53073,Whatcom County,WA,Whatcom County,WA,1,0.0
"Whitman County, WA",53075,"Whitman County, WA",53075,Whitman County,WA,Whitman County,WA,1,0.0
"Yakima County, WA",53077,"Yakima County, WA",53077,Yakima County,WA,Yakima County,WA,1,0.0
